patient_id,age,gender,stage,OS,OS_status,PFS,PFS_status,treatment,ctDNA_positive_C1D1,TMB.nonsy,wGII,TNB,ploidy,LOH,TNB_strong,TNB_weak,PHBR,KEAP1,LRP1B,NOTCH1,TP53,CSMD3,KMT2D,PTEN,NFE2L2,PI3K_Akt,ErbB,Ras,mTOR,MAPK,HR,Base excision repair,p53,Wnt,Nucleotide excision repair,Notch,Mismatch repair,tumor_sample_uuid2
1,29,Female,IV,15.67145791,1,6.800821355,1,chemo,no,76,0.367,30,1.86,0.2983,8,5,4,WT,WT,WT,WT,WT,WT,WT,WT,WT,WT,WT,WT,WT,Mut,WT,WT,Mut,WT,WT,WT,1MT001529WL1
2,33,Male,IV,13.27310062,1,2.004106776,1,chemo,no,47,0.646,20,2.16,2.00E-04,3,1,3,WT,WT,WT,WT,WT,WT,WT,WT,Mut,WT,WT,Mut,WT,WT,WT,WT,Mut,WT,Mut,WT,1MT001279WL1
3,68,Male,IV,23.45790554,0,12.45174538,1,chemo,no,1,0,0,NA,NA,125,120,111,WT,WT,WT,WT,WT,WT,WT,WT,Mut,Mut,Mut,WT,Mut,WT,WT,WT,WT,WT,WT,WT,1MT000958WL1
4,54,Male,IV,23.78644764,0,5.552361396,1,ICI-chemo,no,4,0,0,NA,NA,14,10,11,WT,WT,WT,WT,WT,WT,WT,WT,Mut,Mut,Mut,WT,Mut,WT,WT,WT,WT,WT,WT,WT,1MT000950WL1
5,64,Female,IV,24.47638604,0,9.724845996,1,ICI-chemo,yes,129,0.297,53,1.72,0.2035,9,9,8,WT,WT,WT,Mut,WT,WT,WT,WT,Mut,Mut,WT,Mut,Mut,WT,WT,Mut,Mut,WT,WT,WT,1MT001533WL1
6,63,Male,IV,18.20123203,1,5.650924025,1,ICI-chemo,yes,2,0,0,NA,NA,210,259,190,WT,WT,WT,WT,WT,WT,WT,WT,WT,WT,WT,WT,WT,WT,WT,WT,WT,WT,WT,WT,1MT000925WL1
7,53,Male,IV,5.158110883,1,1.412731006,1,chemo,yes,15,0.047,4,1.81,3.00E-04,NA,NA,NA,WT,Mut,WT,Mut,WT,WT,WT,WT,Mut,WT,WT,WT,Mut,WT,WT,Mut,Mut,WT,WT,WT,1MT001540WL1
8,70,Male,III,24.44353183,0,8.574948665,1,ICI-chemo,no,679,0.818,376,3.38,0.4441,NA,NA,NA,WT,WT,WT,Mut,Mut,WT,WT,WT,Mut,Mut,Mut,Mut,Mut,WT,Mut,Mut,Mut,WT,WT,WT,1MT001544WL1
9,46,Female,IV,20.20533881,1,11.07186858,1,ICI-chemo,yes,164,0.29,106,1.95,NA,16,26,15,WT,WT,WT,Mut,WT,WT,WT,WT,Mut,Mut,Mut,Mut,Mut,WT,WT,Mut,Mut,WT,WT,WT,1MT001276WL1
10,70,Male,III,25.82340862,0,4.73100616,0,ICI-chemo,yes,1200,0.607,533,3.2,NA,108,41,54,WT,Mut,WT,Mut,Mut,WT,Mut,WT,Mut,Mut,Mut,Mut,Mut,WT,WT,Mut,Mut,Mut,WT,WT,1MT001274WL1
11,69,Male,IV,22.50513347,1,5.552361396,1,chemo,yes,1,0.019,3,1.77,0.0042,NA,NA,NA,WT,WT,WT,WT,WT,WT,WT,WT,Mut,Mut,Mut,WT,Mut,WT,WT,WT,WT,WT,WT,WT,1MT001272WL1
12,67,Male,III,23.32648871,0,5.388090349,0,ICI-chemo,yes,298,0.023,97,2.39,0,NA,NA,NA,WT,WT,WT,Mut,WT,Mut,WT,WT,Mut,Mut,Mut,Mut,Mut,WT,WT,Mut,Mut,WT,WT,WT,1MT001269WL1
13,58,Female,IV,24.87063655,0,16.39425051,1,chemo,no,87,0.069,15,1.88,1.00E-04,NA,NA,NA,WT,WT,WT,WT,WT,WT,WT,WT,WT,WT,WT,WT,WT,WT,WT,WT,WT,WT,WT,WT,1MT001548WL1
14,58,Female,III,4.238193018,0,2.759753593,0,ICI-chemo,no,45,0.084,48,1.73,3.00E-04,5,4,4,WT,WT,WT,Mut,WT,WT,WT,WT,Mut,Mut,Mut,WT,Mut,WT,WT,Mut,Mut,WT,WT,WT,1MT001268WL1
15,53,Male,III,0.657084189,1,0.657084189,1,ICI-chemo,no,472,0.026,192,2.05,3.00E-04,45,73,46,WT,Mut,WT,WT,Mut,WT,WT,WT,Mut,Mut,Mut,Mut,Mut,WT,WT,Mut,Mut,WT,Mut,WT,1MT001267WL1
16,66,Male,IV,13.30595483,1,6.833675565,1,chemo,yes,394,0.631,267,3.05,0,29,43,32,WT,WT,WT,Mut,Mut,WT,WT,WT,Mut,Mut,Mut,Mut,Mut,Mut,WT,Mut,Mut,WT,Mut,Mut,1MT001266WL1
17,71,Female,IV,25.52772074,0,8.082135524,1,ICI-chemo,yes,1545,0.512,553,1.93,0.4195,88,105,84,WT,Mut,WT,Mut,Mut,WT,WT,WT,Mut,Mut,Mut,Mut,Mut,Mut,Mut,Mut,Mut,WT,Mut,WT,1MT001264WL1
18,44,Male,III,6.045174538,1,5.223819302,1,ICI-chemo,yes,303,0.668,113,2.01,0,NA,NA,NA,WT,WT,WT,Mut,WT,WT,WT,WT,Mut,WT,WT,WT,Mut,Mut,WT,Mut,Mut,Mut,WT,WT,1MT001263WL1
19,56,Male,IV,27.23613963,0,27.23613963,0,ICI-chemo,no,42,0.534,10,2.35,1.00E-04,NA,NA,NA,WT,WT,WT,WT,WT,WT,WT,WT,WT,WT,WT,WT,WT,WT,WT,WT,WT,WT,WT,WT,1MT001262WL1
20,66,Male,IV,27.43326489,0,26.11909651,0,ICI-chemo,yes,597,0.784,293,3.32,NA,57,104,70,Mut,WT,WT,Mut,Mut,WT,WT,WT,Mut,WT,Mut,WT,Mut,Mut,WT,Mut,Mut,WT,WT,WT,1MT001261WL1
21,46,Male,IV,29.40451745,0,11.17043121,1,chemo,yes,405,0.462,210,2.07,1.00E-04,38,23,26,WT,Mut,WT,Mut,WT,WT,WT,WT,Mut,WT,Mut,WT,Mut,WT,WT,Mut,Mut,WT,Mut,WT,1MT001260WL1
22,64,Male,IV,27.59753593,0,3.219712526,0,ICI-chemo,yes,394,0.485,143,3.27,0.4401,31,42,32,WT,WT,WT,Mut,Mut,WT,WT,Mut,Mut,WT,WT,WT,Mut,WT,WT,Mut,Mut,WT,WT,WT,1MT001259WL1
23,68,Male,IV,15.01437372,1,3.975359343,1,chemo,yes,449,0.523,189,2.91,0.4013,42,63,43,WT,Mut,WT,Mut,WT,WT,WT,Mut,Mut,WT,WT,WT,Mut,WT,WT,Mut,Mut,WT,WT,WT,1MT001257WL1
24,69,Male,IV,12.15605749,1,4.073921971,0,ICI-chemo,yes,1776,0.688,640,3.12,0.3285,172,132,123,WT,Mut,Mut,Mut,Mut,Mut,WT,WT,Mut,Mut,Mut,Mut,Mut,Mut,Mut,Mut,Mut,WT,Mut,WT,1MT001246WL1
25,57,Male,III,11.10472279,1,2.825462012,1,chemo,yes,654,0.681,368,3.23,0.6793,67,42,32,Mut,Mut,WT,Mut,Mut,Mut,WT,WT,Mut,WT,Mut,WT,Mut,WT,WT,Mut,Mut,WT,Mut,WT,1MT001245WL1
26,62,Male,IV,28.05749487,0,26.94045175,0,ICI-chemo,yes,336,0.423,137,1.68,0.5187,30,13,20,WT,WT,WT,Mut,WT,WT,Mut,WT,Mut,WT,WT,Mut,Mut,WT,WT,Mut,Mut,WT,WT,WT,1MT001244WL1
27,56,Male,IV,26.51334702,0,20.40246407,1,ICI-chemo,no,393,0.672,129,3.33,0.5699,44,43,34,WT,WT,WT,Mut,Mut,WT,WT,WT,Mut,Mut,Mut,Mut,Mut,Mut,WT,Mut,Mut,WT,WT,WT,1MT001243WL1
28,63,Male,III,3.022587269,0,1.379876797,0,ICI-chemo,yes,1808,0.542,883,2.55,3.00E-04,166,124,118,WT,Mut,WT,Mut,Mut,WT,WT,WT,Mut,Mut,Mut,Mut,Mut,Mut,WT,Mut,Mut,WT,WT,WT,1MT000672WL1
29,61,Male,IV,27.4661191,1,14.45585216,1,chemo,yes,222,0.942,73,2.7,0.3062,17,9,13,WT,WT,WT,Mut,WT,WT,WT,WT,Mut,Mut,Mut,Mut,Mut,Mut,WT,Mut,Mut,WT,WT,Mut,1MT000401WLU
30,61,Male,III,32.32854209,0,14.22587269,1,ICI-chemo,yes,1242,0,0,NA,NA,NA,NA,NA,WT,Mut,WT,Mut,Mut,WT,WT,WT,Mut,Mut,Mut,Mut,Mut,Mut,Mut,Mut,Mut,WT,WT,WT,1MT000383WL1
31,54,Female,IV,2.036960986,1,2.036960986,1,chemo,yes,104,0.536,20,3.63,NA,5,3,3,WT,Mut,WT,Mut,WT,WT,Mut,Mut,Mut,Mut,Mut,Mut,Mut,WT,WT,Mut,Mut,WT,WT,WT,1MT001242WL1
32,69,Male,IV,10.34907598,1,6.899383984,1,ICI-chemo,yes,753,0.81,192,1.59,0.0091,72,21,38,WT,Mut,WT,Mut,Mut,WT,WT,WT,Mut,WT,Mut,WT,Mut,WT,WT,Mut,Mut,WT,WT,WT,1MT000429WL1
33,55,Male,IV,4.073921971,1,3.055441478,1,chemo,yes,195,0.496,83,2.58,1.00E-04,15,5,6,WT,WT,WT,Mut,WT,WT,WT,WT,Mut,WT,WT,WT,Mut,Mut,WT,Mut,Mut,WT,WT,WT,1MT000715WL1
34,68,Male,IV,23.91786448,0,12.64887064,1,chemo,yes,259,0.049,264,1.96,0.1501,36,24,20,WT,WT,WT,Mut,WT,WT,WT,WT,Mut,WT,WT,WT,Mut,WT,WT,Mut,Mut,WT,WT,WT,1MT001241WL1
35,53,Male,IV,4.238193018,1,1.281314168,1,chemo,yes,494,0.362,310,1.58,0.4407,60,90,66,Mut,Mut,WT,Mut,WT,WT,WT,WT,Mut,Mut,Mut,Mut,Mut,Mut,WT,Mut,Mut,WT,WT,WT,1MT001549WL1
36,57,Male,IV,8.147843943,1,4.041067762,1,chemo,yes,651,0.586,409,2.82,0.4478,91,105,61,Mut,Mut,WT,Mut,Mut,WT,WT,WT,Mut,WT,Mut,Mut,Mut,Mut,WT,Mut,Mut,WT,WT,WT,1MT001551WL1
37,56,Female,IV,27.33470226,0,14.39014374,1,ICI-chemo,yes,63,0.681,38,1.99,0.1286,3,8,5,WT,WT,WT,WT,WT,WT,WT,WT,Mut,WT,Mut,WT,WT,WT,WT,WT,WT,WT,WT,WT,1MT001553WL1
38,51,Male,IV,26.87474333,1,16.45995893,1,ICI-chemo,yes,1279,0.806,611,3.05,0.4987,82,92,76,WT,WT,WT,WT,Mut,WT,WT,WT,Mut,Mut,Mut,Mut,Mut,Mut,WT,Mut,Mut,WT,WT,WT,1MT000753WL1
39,72,Male,IV,8.706365503,1,5.683778234,1,ICI-chemo,yes,699,0.709,249,3.49,0.8949,68,90,56,WT,WT,WT,Mut,Mut,WT,WT,WT,Mut,Mut,Mut,WT,Mut,Mut,WT,Mut,Mut,WT,WT,WT,1MT001284WL1
40,67,Male,III,26.97330595,0,25.36344969,0,ICI-chemo,yes,53,0.927,23,1.67,2.00E-04,NA,NA,NA,WT,WT,WT,WT,WT,WT,WT,WT,Mut,Mut,Mut,WT,Mut,WT,WT,WT,WT,WT,WT,WT,1MT001239WLU
41,52,Female,IV,24.0164271,1,4.13963039,1,ICI-chemo,yes,64,0.022,47,2.01,0,10,4,5,WT,WT,WT,Mut,WT,WT,WT,WT,Mut,Mut,WT,WT,Mut,WT,WT,Mut,Mut,WT,WT,WT,1MT001238WL1
42,68,Male,IV,26.7761807,0,6.932238193,1,ICI-chemo,yes,344,0.774,76,3.27,0,32,17,18,WT,Mut,WT,Mut,Mut,Mut,WT,WT,Mut,WT,Mut,WT,Mut,WT,WT,Mut,Mut,WT,WT,WT,1MT001237WL1
43,49,Male,IV,12.02464066,1,1.478439425,1,chemo,yes,103,0.227,51,2.13,NA,10,2,3,WT,WT,WT,Mut,WT,WT,WT,WT,Mut,Mut,Mut,WT,Mut,WT,WT,Mut,Mut,WT,WT,WT,1MT001236WLU
44,63,Male,IV,15.67145791,1,10.87474333,1,ICI-chemo,yes,688,0.847,913,2.31,3.00E-04,61,30,40,WT,WT,WT,Mut,WT,Mut,WT,WT,Mut,Mut,Mut,Mut,Mut,Mut,Mut,Mut,Mut,Mut,WT,Mut,1MT000716WL1
45,73,Male,III,14.22587269,1,5.388090349,1,ICI-chemo,no,187,0.771,116,3.25,0.3717,26,19,17,WT,WT,WT,Mut,WT,WT,Mut,WT,Mut,WT,WT,Mut,Mut,WT,WT,Mut,Mut,WT,WT,WT,1MT000671WL1
46,71,Male,IV,1.248459959,0,0.032854209,0,chemo,yes,744,0.778,327,2.94,0.45,88,118,93,WT,Mut,WT,Mut,WT,Mut,WT,WT,Mut,WT,WT,WT,Mut,Mut,Mut,Mut,Mut,Mut,Mut,WT,1MT000402WLU
47,71,Male,IV,24.77207392,0,8.443531828,1,ICI-chemo,no,398,0.287,272,1.86,0.2549,47,53,43,WT,Mut,WT,Mut,WT,Mut,WT,WT,Mut,Mut,Mut,WT,Mut,Mut,WT,Mut,Mut,WT,Mut,WT,1MT001235WLU
48,57,Male,IV,13.9301848,1,4.1724846,0,chemo,no,478,0,0,NA,NA,NA,NA,NA,WT,WT,WT,WT,WT,WT,WT,Mut,Mut,Mut,WT,WT,WT,WT,WT,WT,Mut,Mut,Mut,Mut,1MT000641WL1
49,73,Male,IV,19.54825462,1,5.585215606,1,ICI-chemo,yes,592,0.385,392,2.14,0.6223,72,59,48,WT,WT,WT,Mut,Mut,WT,WT,WT,Mut,Mut,Mut,Mut,Mut,WT,WT,Mut,Mut,WT,WT,WT,1MT000772WL1
50,69,Female,IV,31.54004107,0,31.54004107,0,ICI-chemo,yes,149,0.741,107,2.22,0,20,25,13,WT,WT,WT,Mut,WT,WT,WT,WT,Mut,WT,WT,WT,Mut,Mut,WT,Mut,Mut,WT,WT,WT,1MT000735WL1
51,61,Male,IV,10.61190965,1,3.876796715,1,chemo,yes,107,0.617,86,4,0.4536,14,15,11,Mut,WT,WT,Mut,WT,WT,WT,WT,Mut,WT,Mut,WT,Mut,WT,WT,Mut,Mut,WT,WT,WT,1MT000665WL1
52,58,Male,IV,4.041067762,1,0.032854209,0,chemo,yes,125,0.407,55,1.64,0.3315,14,17,11,Mut,WT,WT,WT,WT,WT,WT,WT,Mut,Mut,Mut,Mut,Mut,WT,WT,WT,WT,WT,WT,WT,1MT000415WL1
53,56,Male,IV,5.420944559,1,1.412731006,0,ICI-chemo,yes,493,0.877,193,2.64,0.0192,54,38,39,WT,WT,WT,Mut,WT,WT,WT,WT,Mut,WT,WT,Mut,Mut,WT,WT,Mut,Mut,WT,WT,WT,1MT000762WL1
54,55,Male,IV,25.95482546,1,9.921971253,1,ICI-chemo,no,107,0.891,90,2,0.2302,NA,NA,NA,WT,WT,WT,WT,WT,WT,WT,WT,WT,Mut,Mut,WT,WT,Mut,WT,WT,WT,WT,WT,WT,1MT000742WL1
55,62,Male,IV,12.55030801,1,5.848049281,1,ICI-chemo,yes,2171,0.213,935,3.89,0.8417,155,243,142,WT,Mut,Mut,Mut,Mut,WT,WT,WT,Mut,Mut,Mut,Mut,Mut,Mut,Mut,Mut,Mut,Mut,Mut,WT,1MT000688WL1
56,64,Male,III,31.57289528,0,8.344969199,1,ICI-chemo,no,406,0.015,225,1.9,0.1016,40,51,29,WT,WT,WT,Mut,WT,WT,WT,WT,Mut,WT,WT,WT,Mut,WT,WT,Mut,Mut,WT,WT,WT,1MT000670WL1
57,46,Male,IV,3.811088296,1,1.347022587,1,chemo,yes,995,0.554,346,3,0.3699,68,24,34,WT,Mut,WT,Mut,WT,WT,WT,WT,Mut,Mut,Mut,WT,Mut,WT,WT,Mut,Mut,WT,WT,Mut,1MT000440WL1
58,67,Male,IV,32.72279261,0,17.7412731,1,ICI-chemo,yes,710,0.266,266,2.99,2.00E-04,85,32,53,WT,WT,WT,WT,WT,Mut,WT,WT,Mut,Mut,Mut,Mut,Mut,WT,WT,WT,WT,WT,WT,WT,1MT000450WL1
59,65,Female,IV,6.833675565,1,2.825462012,1,ICI-chemo,yes,22,0.861,4,2,0.1844,NA,NA,NA,WT,WT,WT,WT,WT,WT,WT,WT,Mut,Mut,Mut,WT,Mut,WT,WT,WT,Mut,WT,WT,WT,1MT000445WL1
60,65,Male,IV,6.570841889,1,0.032854209,0,ICI-chemo,yes,761,0.824,246,2.5,0.657,51,69,55,WT,Mut,WT,Mut,Mut,Mut,WT,WT,Mut,WT,Mut,Mut,Mut,Mut,WT,Mut,Mut,WT,WT,WT,1MT001556WL1
61,60,Male,IV,16,1,1.642710472,1,ICI-chemo,yes,118,0.853,55,3.38,0.2845,13,17,11,WT,WT,WT,WT,WT,WT,WT,WT,Mut,Mut,Mut,WT,Mut,WT,WT,WT,Mut,WT,WT,WT,1MT001234WL1
62,43,Male,IV,25.13347023,1,11.03901437,1,ICI-chemo,no,396,0.033,150,2,0.0384,NA,NA,NA,WT,WT,WT,WT,WT,WT,WT,WT,Mut,Mut,WT,Mut,Mut,WT,Mut,WT,WT,Mut,WT,Mut,1MT000458WL1
63,68,Female,IV,29.04312115,0,9.724845996,1,chemo,yes,78,0.845,51,4.92,NA,10,7,9,WT,WT,WT,WT,WT,WT,WT,WT,WT,WT,WT,WT,WT,WT,WT,WT,WT,WT,WT,WT,1MT000766WL1
64,57,Male,III,30.81724846,0,2.595482546,0,chemo,yes,991,0.54,412,2.65,0,84,42,58,WT,Mut,Mut,Mut,WT,WT,Mut,WT,Mut,WT,Mut,Mut,Mut,WT,WT,Mut,Mut,WT,Mut,WT,1MT000764WL1
65,57,Male,IV,31.96714579,0,31.96714579,0,ICI-chemo,yes,1007,0.748,618,3.07,2.00E-04,110,135,103,WT,Mut,WT,Mut,Mut,WT,WT,WT,Mut,Mut,Mut,Mut,Mut,Mut,WT,Mut,Mut,Mut,WT,WT,1MT000687WL1
66,58,Female,IV,28.12320329,0,9.724845996,1,ICI-chemo,yes,116,0.563,62,2.74,0.6639,14,6,7,WT,WT,WT,Mut,WT,WT,WT,WT,Mut,Mut,WT,WT,Mut,WT,Mut,Mut,Mut,WT,WT,WT,1MT001233WL1
67,64,Male,IV,24.73921971,0,5.585215606,1,chemo,no,1098,0.764,301,3.08,0.3366,77,54,51,WT,WT,WT,WT,WT,Mut,WT,WT,Mut,Mut,Mut,Mut,WT,Mut,Mut,Mut,WT,Mut,Mut,WT,1MT001232WL1
68,64,Male,III,11.26899384,1,4.13963039,1,ICI-chemo,yes,1214,0.656,261,3.9,NA,90,31,47,WT,WT,WT,Mut,Mut,Mut,WT,Mut,Mut,Mut,Mut,Mut,Mut,WT,WT,Mut,Mut,WT,WT,WT,1MT001231WL1
69,58,Male,III,16.95277207,1,1.314168378,1,ICI-chemo,yes,788,0.649,235,3.36,0.2453,84,95,86,WT,Mut,WT,Mut,Mut,Mut,WT,Mut,Mut,WT,WT,WT,Mut,Mut,WT,Mut,Mut,WT,Mut,WT,1MT001230WL1
70,75,Male,IV,26.80903491,0,5.618069815,1,chemo,yes,349,0.512,122,3.63,0.4589,34,12,22,WT,WT,WT,Mut,WT,WT,WT,WT,Mut,Mut,Mut,Mut,Mut,Mut,WT,Mut,Mut,WT,Mut,WT,1MT001229WL1
71,62,Male,III,27.07186858,0,25.06776181,0,ICI-chemo,yes,2497,0.623,1640,1.64,NA,300,300,271,WT,Mut,WT,Mut,Mut,Mut,WT,WT,Mut,Mut,Mut,Mut,Mut,Mut,Mut,Mut,Mut,WT,WT,WT,1MT001174WL1
72,52,Male,IV,26.90759754,0,24.90349076,0,ICI-chemo,yes,1,0,0,NA,NA,25,2,16,WT,WT,WT,WT,WT,WT,WT,WT,Mut,Mut,Mut,WT,Mut,WT,WT,WT,WT,WT,WT,WT,1MT000804WL1
73,54,Male,III,26.71047228,0,6.866529774,1,chemo,yes,425,0.682,270,2.6,0.4167,31,13,17,WT,Mut,WT,Mut,Mut,WT,WT,WT,Mut,Mut,Mut,WT,Mut,WT,WT,Mut,Mut,WT,WT,Mut,1MT001314WL1
74,56,Male,IV,28.25462012,0,2.98973306,1,chemo,yes,1594,0.381,703,2.41,0,NA,NA,NA,WT,Mut,WT,WT,Mut,WT,WT,WT,Mut,Mut,Mut,Mut,Mut,WT,Mut,WT,WT,WT,Mut,Mut,1MT001313WL1
75,72,Male,III,12.02464066,1,5.388090349,1,ICI-chemo,yes,578,0.562,149,1.98,0.009,26,33,30,WT,WT,WT,Mut,WT,WT,WT,Mut,Mut,Mut,Mut,WT,Mut,WT,WT,Mut,Mut,WT,WT,WT,1MT001552WL1
76,59,Male,IV,4.533880903,1,4.271047228,1,ICI-chemo,yes,413,0.573,273,2.34,1.00E-04,54,68,42,WT,Mut,WT,Mut,WT,WT,WT,WT,Mut,Mut,WT,Mut,Mut,Mut,WT,Mut,Mut,WT,Mut,WT,1MT001312WL1
77,65,Male,IV,8.27926078,1,4.238193018,1,ICI-chemo,yes,80,0.26,39,1.71,0.2394,8,0,0,WT,WT,WT,Mut,WT,WT,WT,WT,Mut,Mut,Mut,WT,Mut,WT,WT,Mut,Mut,WT,WT,WT,1MT000765WL1
78,71,Male,III,31.17864476,0,31.17864476,0,ICI-chemo,yes,887,0.852,557,3.61,0.2925,112,137,96,WT,Mut,Mut,Mut,WT,Mut,Mut,WT,Mut,WT,WT,Mut,Mut,WT,WT,Mut,Mut,WT,Mut,WT,1MT000740WL1
79,54,Female,III,29.10882957,1,12.45174538,1,ICI-chemo,yes,172,0.276,187,1.72,0.2823,15,33,20,WT,Mut,WT,WT,WT,WT,WT,WT,Mut,WT,Mut,WT,Mut,WT,WT,WT,Mut,WT,WT,WT,1MT000675WL1
80,68,Male,IV,32.19712526,0,8.509240246,1,ICI-chemo,yes,549,0.731,427,3.05,NA,60,67,55,WT,WT,WT,Mut,WT,WT,WT,WT,Mut,Mut,Mut,WT,Mut,WT,WT,Mut,Mut,WT,WT,WT,1MT000659WL1
81,62,Male,IV,28.35318275,1,5.519507187,1,chemo,yes,165,0.268,176,2.55,0.7137,18,23,17,WT,WT,WT,Mut,WT,WT,Mut,WT,Mut,Mut,Mut,Mut,Mut,WT,WT,Mut,Mut,Mut,WT,WT,1MT000664WL1
82,49,Male,IV,32.95277207,0,20.96098563,1,ICI-chemo,yes,97,0.345,37,1.54,0.2557,5,4,2,WT,Mut,Mut,WT,WT,WT,WT,WT,WT,WT,WT,WT,WT,WT,WT,WT,WT,WT,Mut,WT,1MT000393WL1
83,52,Male,IV,35.74537988,0,9.921971253,1,ICI-chemo,yes,974,0.524,148,2.41,0.4742,78,32,46,WT,Mut,WT,Mut,Mut,WT,WT,WT,Mut,Mut,Mut,Mut,Mut,WT,WT,Mut,Mut,Mut,WT,WT,M03144AZW1L1
84,52,Female,IV,23.19507187,1,16.98562628,0,chemo,no,18,0.023,1,2,3.00E-04,NA,NA,NA,WT,WT,WT,Mut,WT,WT,WT,WT,Mut,Mut,Mut,WT,Mut,WT,WT,Mut,Mut,WT,WT,WT,M03150AZW1L1
85,65,Male,IV,3.876796715,1,1.577002053,1,ICI-chemo,yes,183,0.463,101,1.77,0.3551,18,6,11,WT,WT,WT,Mut,WT,WT,WT,WT,Mut,WT,Mut,WT,Mut,Mut,WT,Mut,Mut,WT,WT,WT,1MT001311WL1
86,55,Male,IV,1.347022587,0,0.032854209,0,ICI-chemo,yes,500,0.794,367,3.31,0.2581,43,15,19,WT,WT,WT,Mut,WT,WT,WT,WT,Mut,Mut,Mut,Mut,Mut,WT,WT,Mut,Mut,WT,WT,WT,1MT000761WL1
87,68,Male,IV,31.54004107,0,5.585215606,1,chemo,yes,650,0.501,211,2.88,0.4141,61,26,33,WT,Mut,WT,Mut,Mut,Mut,Mut,WT,Mut,Mut,Mut,Mut,Mut,WT,WT,Mut,Mut,WT,Mut,WT,1MT000694WL1
88,73,Male,IV,26.21765914,1,8.410677618,1,ICI-chemo,no,159,0.563,41,2,2.00E-04,NA,NA,NA,WT,WT,WT,Mut,WT,Mut,WT,WT,Mut,WT,Mut,WT,Mut,WT,WT,Mut,Mut,WT,WT,WT,1MT000404WL1
89,53,Male,IV,13.53593429,1,8.016427105,0,ICI-chemo,no,521,0.277,176,1.93,0.3117,63,69,61,WT,Mut,WT,Mut,WT,Mut,WT,WT,Mut,Mut,Mut,Mut,Mut,WT,WT,Mut,Mut,WT,WT,WT,1MT001309WL1
90,65,Male,IV,18.82546201,1,5.552361396,1,chemo,yes,345,0.412,55,2.04,0.5383,39,26,25,WT,WT,WT,Mut,WT,WT,Mut,WT,Mut,WT,Mut,Mut,Mut,Mut,WT,Mut,Mut,WT,WT,WT,1MT001308WL1
91,67,Male,IV,8.377823409,1,4.205338809,1,chemo,yes,448,0.459,201,2.56,1.00E-04,52,63,49,WT,Mut,Mut,Mut,WT,WT,WT,WT,Mut,Mut,Mut,WT,Mut,Mut,WT,Mut,Mut,WT,Mut,WT,1MT000734WL1
92,54,Male,IV,10.25051335,1,4.106776181,1,chemo,yes,40,0.034,21,1.74,0.0087,2,0,0,WT,WT,WT,Mut,WT,WT,WT,Mut,Mut,WT,WT,WT,Mut,WT,WT,Mut,Mut,WT,WT,WT,1MT000733WL1
93,56,Male,IV,10.84188912,1,5.552361396,1,chemo,yes,277,0.364,143,1.97,0.3282,21,7,17,WT,Mut,WT,Mut,WT,Mut,WT,WT,Mut,Mut,Mut,Mut,Mut,WT,WT,Mut,Mut,WT,WT,WT,1MT000704WLU
94,60,Male,IV,31.44147844,0,10.15195072,1,ICI-chemo,yes,268,0.523,154,3.31,NA,34,29,30,Mut,WT,WT,Mut,WT,WT,WT,WT,Mut,Mut,Mut,WT,Mut,Mut,Mut,Mut,Mut,Mut,WT,WT,1MT000682WL1
95,53,Male,III,21.88090349,1,11.03901437,1,chemo,yes,446,0.74,206,3.19,0.5787,42,71,43,WT,WT,WT,Mut,Mut,Mut,WT,WT,Mut,Mut,Mut,WT,Mut,WT,WT,Mut,Mut,WT,WT,WT,1MT001307WL1
96,65,Male,IV,25.06776181,0,25.06776181,0,chemo,yes,1053,0.732,159,3.55,0.5781,102,34,50,WT,Mut,WT,Mut,WT,WT,WT,WT,Mut,Mut,Mut,WT,Mut,WT,WT,Mut,Mut,Mut,Mut,WT,1MT001306WL1
97,52,Male,IV,20.59958932,0,4.1724846,1,ICI-chemo,yes,440,0.667,134,2.73,1.00E-04,34,14,17,WT,Mut,WT,Mut,WT,WT,WT,WT,Mut,Mut,Mut,WT,Mut,WT,Mut,Mut,Mut,Mut,WT,WT,1MT001305WL1
98,68,Male,IV,4.271047228,1,1.347022587,1,chemo,yes,1029,0.74,249,3.68,3.00E-04,105,80,69,Mut,Mut,WT,Mut,WT,WT,WT,WT,Mut,Mut,Mut,WT,Mut,WT,WT,Mut,Mut,Mut,WT,Mut,1MT001304WL1
99,55,Male,IV,12.32032854,1,5.35523614,1,chemo,yes,639,0.764,212,3.93,NA,NA,NA,NA,Mut,WT,WT,WT,Mut,WT,WT,WT,WT,WT,WT,Mut,WT,WT,WT,WT,WT,WT,WT,WT,1MT001300WL1
100,57,Male,IV,24.93634497,0,24.83778234,0,ICI-chemo,yes,788,0.479,232,2.84,0.5195,63,85,73,WT,Mut,Mut,Mut,Mut,WT,Mut,Mut,Mut,Mut,Mut,Mut,Mut,Mut,WT,Mut,Mut,WT,Mut,WT,1MT001299WLU
101,55,Male,IV,24.96919918,0,24.93634497,1,ICI-chemo,yes,460,0.706,95,3.4,NA,34,10,14,WT,WT,WT,Mut,Mut,WT,WT,Mut,Mut,WT,Mut,WT,Mut,WT,WT,Mut,Mut,WT,WT,Mut,1MT001298WL1
102,55,Female,IV,9.100616016,1,5.486652977,1,chemo,yes,11,0.305,10,2.51,0.3336,1,3,2,WT,WT,WT,Mut,WT,WT,WT,WT,Mut,Mut,WT,WT,Mut,WT,WT,Mut,Mut,WT,WT,WT,1MT001297WL1
103,52,Male,IV,24.96919918,0,24.96919918,0,ICI-chemo,no,1041,0.788,184,2.78,0.2806,7,0,3,WT,Mut,WT,Mut,Mut,Mut,WT,WT,Mut,Mut,Mut,WT,Mut,Mut,WT,Mut,Mut,WT,WT,WT,1MT001296WL1
104,56,Male,IV,1.018480493,1,1.018480493,1,ICI-chemo,yes,600,0.557,142,3.45,2.00E-04,59,47,52,WT,Mut,WT,Mut,WT,Mut,WT,WT,Mut,Mut,Mut,WT,Mut,WT,Mut,Mut,Mut,WT,Mut,WT,1MT001280WL1
105,48,Male,IV,5.453798768,1,1.314168378,0,chemo,yes,788,0.166,346,2.01,NA,114,106,78,Mut,WT,WT,WT,WT,Mut,WT,WT,Mut,Mut,Mut,Mut,Mut,WT,WT,WT,Mut,Mut,Mut,Mut,1MT001275WLU
106,58,Male,III,24.27926078,0,24.27926078,0,ICI-chemo,no,203,0.43,133,3.64,0.3812,24,5,12,WT,WT,WT,Mut,WT,Mut,WT,WT,Mut,WT,WT,WT,Mut,WT,WT,Mut,Mut,WT,WT,WT,1MT001273WL1
107,59,Male,IV,15.86858316,1,9.659137577,1,chemo,yes,254,0.734,107,3.49,0.2218,24,12,13,WT,WT,WT,Mut,WT,WT,WT,WT,Mut,Mut,Mut,WT,Mut,WT,WT,Mut,Mut,WT,WT,Mut,1MT001254WL1
108,59,Male,IV,24.04928131,0,6.702258727,0,ICI-chemo,yes,556,0.679,257,2.71,0.4489,59,57,45,WT,WT,WT,WT,Mut,WT,WT,WT,WT,WT,Mut,WT,Mut,WT,WT,WT,WT,WT,Mut,WT,1MT001250WL1
109,55,Male,IV,13.30595483,1,0.887063655,0,chemo,yes,404,0.556,149,1.88,3.00E-04,50,33,35,WT,WT,Mut,Mut,WT,WT,Mut,WT,Mut,WT,WT,Mut,Mut,WT,WT,Mut,Mut,WT,Mut,Mut,1MT001249WLU
110,40,Female,IV,27.63039014,0,7.09650924,1,ICI-chemo,yes,105,0.271,38,2.07,NA,9,2,2,WT,WT,WT,Mut,WT,WT,WT,WT,Mut,Mut,Mut,WT,Mut,WT,WT,Mut,Mut,WT,WT,WT,1MT001247WL1
111,58,Male,IV,15.37577002,1,5.552361396,1,ICI-chemo,yes,746,0.454,407,3.67,0.6752,102,112,95,Mut,WT,WT,Mut,WT,WT,WT,WT,Mut,Mut,Mut,Mut,Mut,Mut,WT,Mut,Mut,WT,Mut,Mut,1MT001215WLU
112,55,Male,IV,27.03901437,0,16.59137577,1,ICI-chemo,no,297,0.613,101,3.78,NA,33,41,28,WT,WT,WT,Mut,WT,WT,WT,WT,Mut,Mut,Mut,Mut,Mut,WT,Mut,Mut,Mut,Mut,WT,WT,1MT001212WL1
113,68,Male,IV,17.11704312,1,6.866529774,1,chemo,yes,438,0.691,240,3.11,0.314,58,48,40,Mut,WT,WT,Mut,Mut,Mut,WT,WT,Mut,Mut,Mut,Mut,Mut,WT,Mut,Mut,Mut,WT,WT,WT,1MT001198WL1
114,44,Male,IV,23.12936345,0,11.07186858,1,chemo,no,155,0.864,58,2.77,0.4241,NA,NA,NA,WT,WT,WT,Mut,WT,WT,WT,WT,Mut,WT,WT,WT,Mut,Mut,WT,Mut,Mut,WT,WT,WT,1MT001193WL1
115,66,Male,IV,12.28747433,1,6.373716632,1,chemo,yes,94,0.211,25,2.1,0,NA,NA,NA,WT,WT,WT,Mut,WT,WT,WT,WT,Mut,WT,Mut,WT,Mut,WT,WT,Mut,Mut,WT,WT,WT,1MT001191WL1
116,47,Male,IV,26.71047228,0,26.71047228,0,ICI-chemo,yes,2285,0.323,1434,2.19,1.00E-04,198,217,169,Mut,Mut,WT,Mut,Mut,Mut,WT,WT,Mut,Mut,Mut,Mut,Mut,WT,WT,Mut,Mut,Mut,WT,WT,1MT001185WL1
117,63,Male,III,12.45174538,1,8.90349076,1,ICI-chemo,yes,1419,0.737,526,3.85,0.4508,158,126,102,WT,WT,WT,Mut,WT,WT,WT,Mut,Mut,WT,Mut,WT,Mut,Mut,WT,Mut,Mut,Mut,Mut,WT,1MT001183WL1
118,49,Male,IV,13.47022587,1,9.46201232,1,ICI-chemo,yes,247,0.745,154,2.97,0.3691,22,3,9,WT,Mut,WT,Mut,WT,WT,WT,WT,Mut,Mut,Mut,WT,Mut,WT,WT,Mut,Mut,WT,WT,WT,1MT001180WLU
119,48,Male,IV,23.78644764,1,5.749486653,1,ICI-chemo,yes,549,0.696,65,3.4,NA,82,85,63,WT,Mut,WT,Mut,Mut,WT,Mut,Mut,Mut,Mut,Mut,Mut,Mut,WT,WT,Mut,Mut,WT,Mut,WT,1MT000768WL1
120,55,Male,IV,12.68172485,1,5.486652977,1,chemo,yes,918,0.586,642,3.77,2.00E-04,122,132,107,WT,Mut,WT,Mut,Mut,Mut,WT,WT,Mut,Mut,Mut,Mut,Mut,Mut,WT,Mut,Mut,WT,Mut,WT,1MT000769WL1
121,65,Male,IV,26.05338809,1,9.691991786,1,ICI-chemo,no,302,0.748,78,1.99,0.0026,44,45,37,WT,WT,WT,WT,Mut,WT,WT,WT,Mut,WT,Mut,WT,WT,Mut,WT,WT,Mut,WT,Mut,WT,1MT000706WLU
122,65,Male,IV,28.58316222,0,24.83778234,0,ICI-chemo,yes,660,0.66,268,3.8,NA,NA,NA,NA,WT,Mut,WT,Mut,Mut,Mut,WT,Mut,Mut,Mut,Mut,Mut,Mut,Mut,Mut,Mut,Mut,Mut,WT,Mut,1MT000701WL1
123,60,Female,IV,9.691991786,1,4.1724846,1,chemo,yes,137,0.584,31,2.94,0.596,10,12,11,WT,WT,WT,Mut,WT,WT,WT,WT,Mut,WT,WT,WT,Mut,WT,WT,Mut,Mut,WT,WT,WT,1MT000700WL1
124,64,Male,IV,17.51129363,1,8.377823409,1,ICI-chemo,yes,452,0.676,210,2.97,0.4763,42,42,31,WT,WT,WT,Mut,Mut,Mut,WT,WT,Mut,Mut,Mut,Mut,Mut,WT,WT,Mut,Mut,WT,WT,Mut,1MT000698WLU
125,61,Male,IV,30.78439425,0,10.11909651,0,ICI-chemo,yes,486,0.69,331,3.61,0.3204,78,57,53,Mut,WT,Mut,Mut,Mut,WT,WT,WT,Mut,WT,Mut,WT,Mut,Mut,WT,Mut,Mut,WT,Mut,Mut,1MT000689WL1
126,62,Male,IV,6.340862423,1,2.858316222,1,ICI-chemo,yes,648,0.711,208,3.4,0.2967,79,78,59,WT,Mut,WT,Mut,Mut,Mut,WT,WT,Mut,Mut,Mut,Mut,Mut,WT,Mut,Mut,Mut,Mut,Mut,Mut,1MT000705WL1
127,51,Female,IV,32.13141684,0,18.66119097,1,ICI-chemo,no,266,0.302,114,3.18,0.077,23,34,27,WT,WT,WT,WT,WT,WT,WT,WT,Mut,Mut,WT,Mut,Mut,WT,WT,WT,Mut,WT,WT,WT,1MT000662WL1
128,59,Female,IV,13.14168378,1,4.336755647,1,chemo,no,1080,0.044,486,4.52,0.873,84,28,36,WT,Mut,WT,WT,WT,WT,WT,WT,Mut,Mut,Mut,Mut,Mut,Mut,WT,Mut,WT,WT,WT,WT,1MT000669WL1
129,66,Male,IV,15.08008214,1,8.082135524,1,ICI-chemo,no,426,0.529,60,1.77,0.5321,50,34,29,WT,WT,WT,Mut,WT,WT,WT,WT,Mut,Mut,Mut,Mut,Mut,WT,WT,Mut,Mut,WT,WT,WT,1MT001176WL1
130,66,Male,IV,27.40041068,0,18.69404517,1,ICI-chemo,yes,1699,0.739,514,3.22,0.4168,104,108,84,Mut,Mut,WT,Mut,Mut,WT,WT,WT,Mut,Mut,Mut,Mut,Mut,WT,WT,Mut,Mut,WT,Mut,WT,1MT001362WL1
131,56,Male,III,8.607802875,1,4.073921971,0,ICI-chemo,yes,448,0.718,368,2.65,3.00E-04,52,41,31,Mut,WT,Mut,Mut,Mut,WT,Mut,WT,Mut,WT,WT,Mut,Mut,WT,WT,Mut,Mut,WT,Mut,WT,1MT001361WLU
132,64,Male,III,31.90143737,0,14.68583162,0,chemo,yes,368,0.729,80,2.74,0,25,17,20,WT,Mut,WT,Mut,WT,WT,WT,WT,Mut,Mut,Mut,WT,Mut,Mut,WT,Mut,Mut,Mut,WT,WT,1MT000703WL1
133,56,Male,IV,32.03285421,0,30.91581109,1,chemo,no,362,0.54,139,2.07,0.0256,NA,NA,NA,WT,WT,WT,WT,WT,WT,WT,WT,Mut,WT,Mut,Mut,Mut,WT,WT,Mut,WT,WT,Mut,WT,1MT000674WL1
134,42,Male,IV,34.29979466,0,7.063655031,1,chemo,yes,8,0.02,4,1.87,3.00E-04,1,1,1,WT,WT,WT,WT,WT,WT,WT,WT,Mut,Mut,Mut,WT,Mut,WT,WT,WT,WT,WT,WT,WT,1MT000439WL1
135,70,Male,IV,13.99589322,1,6.932238193,1,chemo,yes,508,0.358,235,1.85,0.3063,68,80,70,WT,WT,WT,Mut,WT,WT,WT,WT,Mut,Mut,Mut,Mut,Mut,WT,WT,Mut,Mut,Mut,WT,Mut,1MT001360WL1
136,66,Male,IV,5.848049281,1,2.661190965,1,ICI-chemo,yes,429,0.707,170,2.73,0.5949,30,22,32,WT,WT,WT,Mut,WT,WT,Mut,WT,Mut,Mut,Mut,Mut,Mut,WT,WT,Mut,Mut,WT,WT,WT,1MT001359WL1
137,72,Male,III,5.059548255,1,1.544147844,1,chemo,yes,874,0.66,437,3.44,0.3877,78,30,35,WT,Mut,WT,Mut,WT,Mut,WT,WT,Mut,Mut,Mut,Mut,Mut,Mut,WT,Mut,Mut,WT,WT,WT,1MT000428WL1
138,66,Male,IV,24.90349076,0,24.90349076,0,ICI-chemo,yes,687,0.387,226,3.75,0.507,57,39,39,WT,WT,WT,Mut,Mut,Mut,WT,WT,Mut,Mut,Mut,Mut,Mut,WT,Mut,Mut,Mut,WT,WT,WT,1MT001358WL1
139,73,Female,IV,24.3449692,1,3.022587269,1,chemo,no,92,0.513,87,1.8,0.1069,13,11,10,WT,WT,WT,WT,WT,WT,WT,WT,Mut,Mut,Mut,Mut,Mut,WT,WT,WT,Mut,WT,WT,WT,1MT000727WL1
140,45,Female,IV,33.28131417,0,27.20328542,1,ICI-chemo,no,16,0.518,2,1.86,0,0,2,2,WT,WT,WT,WT,WT,WT,WT,WT,WT,WT,Mut,WT,Mut,WT,WT,WT,WT,WT,WT,WT,1MT000427WL1
141,55,Male,IV,33.14989733,0,33.14989733,0,ICI-chemo,yes,330,0.89,97,3.14,0.5907,36,48,38,WT,WT,WT,Mut,WT,WT,WT,WT,Mut,WT,Mut,WT,Mut,WT,WT,Mut,Mut,Mut,WT,WT,1MT000385WL1
142,52,Female,IV,26.0862423,0,2.694045175,1,ICI-chemo,yes,111,0.347,56,2.91,3.00E-04,9,6,4,WT,WT,WT,WT,WT,WT,WT,WT,WT,Mut,WT,Mut,Mut,WT,WT,WT,WT,WT,WT,WT,1MT001357WL1
143,59,Male,III,27.8275154,1,10.02053388,1,ICI-chemo,no,0,0.5,0,1.89,0,0,0,0,WT,WT,WT,WT,WT,WT,WT,WT,WT,WT,WT,WT,WT,WT,WT,WT,WT,WT,WT,WT,1MT000680WL1
144,62,Male,IV,15.73716632,1,6.735112936,1,ICI-chemo,yes,1479,0.443,311,1.91,0.0013,162,185,137,WT,WT,WT,Mut,WT,Mut,WT,WT,Mut,Mut,Mut,Mut,Mut,WT,Mut,Mut,Mut,WT,Mut,WT,1MT001356WL1
145,72,Male,IV,6.012320329,1,2.726899384,1,ICI-chemo,yes,845,0.438,264,4,0.2104,100,82,78,WT,WT,WT,Mut,Mut,WT,WT,WT,Mut,Mut,Mut,Mut,Mut,WT,WT,Mut,Mut,WT,WT,WT,1MT001354WL1
146,70,Male,IV,23.62217659,0,14.6201232,1,ICI-chemo,yes,1055,0.743,476,3.63,NA,119,78,76,WT,Mut,WT,Mut,Mut,WT,WT,WT,Mut,Mut,Mut,Mut,Mut,Mut,Mut,Mut,Mut,WT,WT,WT,1MT001353WL1
147,67,Male,IV,23.35934292,0,22.93223819,1,ICI-chemo,no,1,0,0,NA,NA,45,46,45,WT,WT,WT,WT,WT,WT,WT,WT,Mut,Mut,Mut,WT,Mut,WT,WT,WT,WT,WT,WT,WT,1MT000877WL1
148,68,Male,IV,12.68172485,1,2.924024641,1,chemo,yes,805,0.426,461,3.18,1.00E-04,95,123,97,WT,Mut,WT,Mut,Mut,WT,WT,Mut,Mut,WT,WT,Mut,Mut,WT,WT,Mut,Mut,Mut,Mut,WT,1MT001352WL1
149,51,Male,IV,4.435318275,1,2.98973306,1,chemo,yes,802,0,0,NA,NA,42,21,26,WT,WT,WT,WT,Mut,WT,WT,WT,Mut,Mut,Mut,WT,Mut,Mut,WT,WT,WT,WT,WT,WT,1MT000626WL1
150,71,Male,IV,10.38193018,1,7.12936345,0,ICI-chemo,yes,368,0.613,268,1.66,3.00E-04,NA,NA,NA,WT,Mut,WT,Mut,WT,Mut,WT,WT,Mut,WT,Mut,WT,Mut,Mut,WT,Mut,Mut,WT,WT,WT,1MT001351WL1
151,74,Male,IV,32.42710472,0,14.65297741,0,ICI-chemo,no,263,0.343,167,1.52,NA,30,30,22,WT,WT,WT,WT,WT,WT,WT,WT,Mut,Mut,Mut,Mut,WT,WT,WT,WT,WT,WT,WT,WT,1MT000668WL1
152,57,Female,IV,29.01026694,1,12.41889117,1,ICI-chemo,no,393,0.872,152,3.8,0.5683,49,34,31,WT,Mut,WT,Mut,WT,WT,WT,WT,Mut,WT,WT,WT,Mut,WT,Mut,Mut,Mut,Mut,WT,Mut,1MT000424WL1
153,65,Male,IV,12.64887064,1,3.022587269,0,ICI-chemo,yes,570,0.906,234,1.73,0.0376,69,69,52,WT,WT,WT,Mut,Mut,WT,WT,WT,Mut,WT,WT,Mut,Mut,WT,WT,Mut,Mut,WT,WT,WT,1MT000438WL1
154,51,Male,IV,11.17043121,1,1.347022587,1,chemo,yes,380,0.267,175,2.03,0.2471,44,41,35,WT,WT,WT,Mut,Mut,WT,WT,WT,Mut,Mut,Mut,Mut,Mut,WT,WT,Mut,Mut,WT,WT,WT,1MT000444WL1
155,66,Male,IV,5.519507187,1,3.942505133,1,ICI-chemo,yes,341,0.791,80,3.19,0.3631,30,38,28,WT,Mut,WT,Mut,Mut,WT,WT,Mut,Mut,Mut,Mut,Mut,Mut,WT,WT,Mut,Mut,Mut,Mut,WT,1MT000431WL1
156,57,Male,IV,13.99589322,1,5.486652977,1,chemo,yes,938,0.757,414,1.79,0.3822,80,71,66,WT,WT,WT,Mut,WT,Mut,Mut,WT,Mut,Mut,Mut,Mut,Mut,WT,WT,Mut,Mut,Mut,WT,WT,1MT000396WL1
157,66,Male,IV,16.16427105,1,6.767967146,1,chemo,no,396,0.553,227,3.15,0.2736,46,73,53,WT,Mut,WT,WT,WT,WT,WT,WT,Mut,Mut,Mut,Mut,WT,WT,Mut,Mut,Mut,WT,WT,WT,1MT001546WL1
158,69,Male,IV,16,1,8.016427105,1,chemo,yes,301,0.036,137,1.98,1.00E-04,35,27,27,WT,WT,WT,Mut,Mut,WT,WT,Mut,Mut,Mut,Mut,Mut,Mut,Mut,WT,Mut,Mut,WT,WT,Mut,1MT001545WL1
159,71,Male,IV,9.396303901,1,2.98973306,0,ICI-chemo,yes,731,0.466,500,2.91,0.4311,88,120,84,Mut,Mut,Mut,Mut,WT,WT,Mut,WT,Mut,Mut,Mut,Mut,Mut,WT,WT,Mut,Mut,WT,Mut,WT,1MT001543WL1
160,59,Male,IV,28.8788501,0,14.39014374,1,chemo,no,753,0.2,435,1.97,0.2513,75,43,47,WT,Mut,WT,WT,Mut,WT,WT,WT,Mut,Mut,Mut,Mut,Mut,Mut,Mut,WT,WT,Mut,WT,WT,1MT000746WL1
161,65,Male,IV,34.46406571,0,34.46406571,0,ICI-chemo,no,125,0.312,43,1.67,0.0134,13,9,8,WT,WT,WT,WT,WT,WT,WT,WT,WT,Mut,WT,Mut,Mut,WT,WT,WT,WT,WT,WT,WT,1MT000437WL1
162,53,Male,IV,38.99794661,0,8.739219713,1,ICI-chemo,yes,571,0.751,119,3.31,0.29,49,37,35,WT,Mut,WT,Mut,Mut,WT,WT,WT,Mut,WT,Mut,WT,Mut,WT,Mut,Mut,Mut,Mut,Mut,Mut,M03103AZW1L1
163,64,Male,IV,39.55646817,0,8.213552361,1,chemo,yes,627,0.786,218,3.39,NA,53,15,26,WT,WT,WT,Mut,Mut,WT,WT,WT,Mut,Mut,Mut,Mut,Mut,WT,Mut,Mut,Mut,Mut,WT,Mut,M03101AZW1LU
164,53,Female,IV,24.24640657,0,22.83367556,0,ICI-chemo,yes,36,0.909,29,1.65,1.00E-04,NA,NA,NA,WT,WT,WT,Mut,WT,WT,WT,WT,Mut,Mut,Mut,WT,Mut,WT,WT,Mut,Mut,Mut,WT,WT,1MT001348WL1
165,64,Male,IV,26.67761807,0,9.691991786,1,ICI-chemo,no,643,0.625,242,3.43,0.3092,51,15,19,WT,WT,WT,Mut,Mut,WT,WT,Mut,Mut,Mut,Mut,WT,Mut,WT,Mut,Mut,Mut,WT,WT,WT,1MT001347WL1
166,68,Female,IV,4.1724846,1,3.942505133,1,ICI-chemo,yes,112,0.131,57,1.85,0.132,12,7,8,WT,WT,WT,WT,WT,WT,WT,WT,Mut,Mut,Mut,WT,Mut,WT,WT,WT,WT,WT,Mut,WT,1MT001346WLU
167,52,Male,IV,27.86036961,0,14.58726899,1,ICI-chemo,yes,84,0.697,31,1.93,0.4299,9,7,5,WT,Mut,WT,Mut,WT,WT,WT,WT,Mut,WT,WT,WT,Mut,WT,WT,Mut,Mut,WT,WT,WT,1MT001345WL1
168,56,Male,IV,28.05749487,0,11.26899384,1,ICI-chemo,yes,450,0.801,226,3.08,0.4191,53,33,36,WT,Mut,WT,Mut,Mut,WT,WT,Mut,Mut,WT,WT,Mut,Mut,Mut,WT,Mut,Mut,WT,Mut,Mut,1MT001344WL1
169,60,Male,IV,24.7063655,0,8.31211499,1,ICI-chemo,yes,187,0.711,76,2.97,0.0105,NA,NA,NA,WT,WT,WT,Mut,WT,WT,WT,WT,Mut,WT,Mut,WT,Mut,WT,WT,Mut,Mut,WT,WT,WT,1MT000732WL1
170,66,Male,IV,13.40451745,1,9.724845996,1,chemo,yes,214,0.539,228,1.97,0.2883,23,15,13,WT,WT,WT,Mut,WT,WT,WT,WT,Mut,Mut,Mut,Mut,Mut,WT,WT,Mut,Mut,Mut,WT,Mut,1MT000714WL1
171,75,Male,IV,11.76180698,1,3.975359343,1,ICI-chemo,yes,395,0.763,224,2.87,0.5086,42,65,46,WT,WT,WT,Mut,WT,WT,WT,WT,Mut,Mut,Mut,Mut,Mut,WT,WT,Mut,Mut,WT,WT,WT,1MT000679WL1
172,37,Female,IV,23.58932238,1,5.486652977,1,ICI-chemo,yes,72,0.722,28,2.58,0.5295,9,5,4,WT,WT,WT,Mut,Mut,WT,WT,WT,Mut,Mut,WT,WT,Mut,WT,WT,Mut,Mut,WT,WT,WT,1MT000661WL1
173,69,Male,IV,24.90349076,0,18.69404517,1,ICI-chemo,no,1007,0.648,254,3.17,0.326,108,83,92,WT,Mut,WT,Mut,Mut,WT,WT,WT,Mut,Mut,Mut,WT,Mut,WT,WT,Mut,Mut,WT,Mut,WT,1MT001342WL1
174,65,Male,III,25.98767967,0,6.143737166,0,ICI-chemo,yes,436,0.612,331,2.82,0.3494,66,72,57,WT,Mut,WT,Mut,Mut,WT,WT,WT,Mut,WT,Mut,WT,Mut,WT,WT,Mut,Mut,WT,Mut,WT,1MT001339WL1
175,60,Male,III,26.21765914,0,7.063655031,0,ICI-chemo,no,620,0.544,168,3.42,NA,34,57,45,WT,WT,WT,Mut,Mut,WT,WT,WT,Mut,Mut,Mut,WT,Mut,WT,WT,Mut,Mut,WT,Mut,WT,1MT001338WLU
176,67,Male,IV,17.28131417,1,0.032854209,0,ICI-chemo,yes,593,0.211,311,2.08,0.2496,57,61,50,WT,WT,WT,WT,Mut,WT,WT,WT,Mut,Mut,Mut,WT,Mut,WT,WT,WT,WT,WT,WT,WT,1MT001337WL1
177,66,Male,IV,1.281314168,1,0.032854209,0,ICI-chemo,yes,539,0.279,179,1.89,0.2987,72,48,51,WT,Mut,WT,Mut,WT,Mut,WT,Mut,Mut,WT,Mut,WT,Mut,Mut,WT,Mut,Mut,WT,WT,WT,1MT001336WL1
178,58,Male,III,27.89322382,0,18.82546201,1,ICI-chemo,yes,1281,0.418,809,3.3,0.2444,150,113,116,WT,Mut,WT,WT,Mut,Mut,WT,WT,Mut,WT,Mut,WT,WT,WT,Mut,Mut,WT,WT,Mut,Mut,1MT001335WL1
179,50,Male,IV,28.09034908,0,24.90349076,0,ICI-chemo,no,121,0.477,26,1.98,0.2476,10,10,6,WT,WT,WT,WT,WT,WT,WT,WT,Mut,WT,Mut,WT,WT,Mut,WT,WT,WT,WT,WT,WT,1MT001197WL1
180,53,Male,IV,30.81724846,0,6.899383984,1,ICI-chemo,no,381,0.743,213,3.39,0,33,35,31,WT,WT,WT,Mut,WT,WT,WT,WT,Mut,Mut,Mut,WT,Mut,WT,WT,Mut,Mut,WT,WT,WT,1MT000678WL1
181,58,Male,IV,11.69609856,1,5.519507187,0,ICI-chemo,yes,579,0.816,358,3.2,0.5889,55,58,42,WT,Mut,WT,Mut,Mut,Mut,WT,WT,Mut,WT,WT,WT,Mut,WT,WT,Mut,Mut,WT,WT,WT,1MT000681WL1
182,56,Male,IV,6.209445585,1,4.106776181,1,ICI-chemo,yes,293,0.727,112,2.96,0.4369,29,8,10,WT,Mut,WT,Mut,WT,WT,WT,WT,Mut,Mut,WT,WT,Mut,WT,WT,Mut,Mut,Mut,WT,WT,1MT000667WL1
183,64,Male,IV,32.82135524,0,5.519507187,1,ICI-chemo,yes,410,0.047,334,1.98,3.00E-04,54,40,43,WT,WT,Mut,Mut,WT,WT,WT,WT,Mut,Mut,Mut,WT,Mut,WT,Mut,Mut,Mut,Mut,Mut,Mut,1MT000403WL1
184,62,Male,IV,15.90143737,1,6.866529774,1,chemo,yes,509,0.652,144,2.57,0.5079,38,47,36,WT,WT,WT,Mut,WT,WT,WT,WT,Mut,WT,WT,WT,Mut,WT,WT,Mut,Mut,WT,WT,WT,1MT000432WL1
185,48,Male,IV,2.266940452,1,1.281314168,1,ICI-chemo,yes,422,0.626,166,2.74,1.00E-04,40,17,18,WT,WT,WT,Mut,Mut,Mut,WT,WT,Mut,Mut,Mut,WT,Mut,WT,WT,Mut,Mut,WT,WT,WT,M03100AZW1L1
186,63,Female,IV,36.66529774,0,11.07186858,1,chemo,yes,145,0.496,53,1.57,0.2049,14,11,8,WT,Mut,WT,Mut,WT,WT,WT,WT,Mut,WT,WT,WT,Mut,WT,WT,Mut,Mut,WT,WT,WT,M03098AZW1L1
187,70,Male,III,23.52361396,0,8.542094456,1,chemo,no,669,0.929,373,1.85,0.1755,71,114,78,Mut,Mut,WT,Mut,WT,WT,Mut,WT,Mut,Mut,Mut,Mut,Mut,WT,WT,Mut,Mut,WT,WT,WT,1MT001195WL1
188,60,Female,IV,11.30184805,1,2.825462012,1,chemo,yes,34,0.551,6,2.03,0.0528,NA,NA,NA,WT,WT,WT,Mut,WT,WT,WT,WT,Mut,Mut,WT,WT,Mut,WT,WT,Mut,Mut,WT,WT,WT,1MT001194WL1
189,53,Male,IV,21.81519507,1,11.00616016,1,ICI-chemo,no,379,0.286,237,1.92,0.4075,56,63,52,WT,WT,WT,Mut,Mut,WT,WT,WT,Mut,Mut,Mut,Mut,Mut,WT,WT,Mut,Mut,WT,WT,WT,1MT001192WL1
190,74,Male,III,7.556468172,1,4.336755647,0,ICI-chemo,yes,222,0.516,82,3.23,0.6599,27,23,18,WT,WT,WT,WT,WT,WT,WT,WT,WT,Mut,WT,Mut,Mut,WT,WT,WT,WT,WT,WT,WT,1MT000750WL1
191,66,Male,IV,22.20944559,1,5.683778234,0,chemo,yes,778,0.597,92,2.7,0.2965,73,30,30,WT,WT,WT,Mut,Mut,WT,WT,WT,Mut,Mut,Mut,Mut,Mut,Mut,Mut,Mut,Mut,Mut,Mut,Mut,1MT000414WL1
192,54,Male,IV,2.464065708,1,2.464065708,1,ICI-chemo,yes,121,0.028,50,2,0.007,NA,NA,NA,WT,WT,WT,WT,WT,WT,WT,WT,Mut,Mut,Mut,Mut,Mut,WT,WT,WT,Mut,WT,WT,WT,1MT000442WLU
193,68,Male,IV,27.10472279,0,15.34291581,1,ICI-chemo,no,2,0,0,NA,NA,11,3,4,WT,WT,WT,WT,WT,WT,WT,WT,Mut,Mut,Mut,WT,Mut,WT,WT,WT,WT,WT,WT,WT,1MT000786WL1
194,71,Male,IV,29.79876797,0,2.95687885,0,ICI-chemo,yes,1736,0.021,504,2.41,0.9175,NA,NA,NA,WT,WT,WT,WT,WT,WT,WT,WT,Mut,Mut,Mut,Mut,Mut,Mut,Mut,WT,Mut,WT,WT,WT,1MT000684WL1
195,70,Male,III,32.49281314,0,5.585215606,1,ICI-chemo,yes,470,0.693,280,2.59,0.4743,48,45,35,WT,Mut,WT,WT,Mut,WT,WT,WT,Mut,Mut,Mut,Mut,Mut,Mut,WT,Mut,Mut,WT,WT,WT,1MT000657WL1
196,62,Male,IV,33.14989733,0,33.14989733,0,ICI-chemo,no,470,0.609,213,1.67,3.00E-04,38,40,36,WT,WT,WT,WT,Mut,WT,WT,WT,Mut,WT,Mut,Mut,Mut,WT,WT,Mut,WT,WT,WT,WT,1MT000395WL1
197,71,Male,IV,22.47227926,1,9.691991786,1,ICI-chemo,yes,215,0.657,55,3.59,0.4765,16,18,15,WT,WT,WT,Mut,WT,WT,WT,WT,Mut,WT,Mut,WT,Mut,WT,WT,Mut,Mut,WT,WT,WT,1MT000449WL1
198,70,Female,IV,7.260780287,1,5.223819302,1,ICI-chemo,no,80,0.526,15,3.2,NA,NA,NA,NA,WT,WT,WT,Mut,WT,WT,WT,WT,Mut,Mut,Mut,WT,Mut,Mut,WT,Mut,Mut,WT,WT,WT,1MT000448WL1
199,73,Male,III,7.983572895,1,1.347022587,1,chemo,yes,202,0.696,98,2.74,0.7695,15,20,15,WT,WT,WT,Mut,WT,WT,WT,WT,Mut,WT,Mut,Mut,Mut,Mut,WT,Mut,Mut,WT,WT,WT,1MT000447WL1
200,65,Male,III,7.950718686,1,4.13963039,1,chemo,yes,327,0.347,111,1.85,0.3108,27,24,18,WT,WT,WT,Mut,WT,WT,WT,WT,Mut,Mut,Mut,WT,Mut,WT,WT,Mut,Mut,WT,WT,WT,M03127AZW1L1
201,66,Male,IV,25.0349076,1,5.519507187,1,ICI-chemo,yes,718,0.668,426,3.63,NA,84,101,66,WT,WT,WT,Mut,Mut,WT,WT,WT,Mut,Mut,WT,Mut,Mut,Mut,WT,Mut,Mut,WT,WT,WT,1MT001190WLU
202,55,Male,III,8.27926078,1,2.628336756,1,chemo,yes,470,0.124,436,2.28,0.5109,79,74,57,Mut,WT,WT,WT,Mut,WT,WT,WT,Mut,Mut,Mut,Mut,Mut,Mut,WT,WT,WT,WT,WT,WT,1MT001189WL1
203,52,Female,IV,10.4476386,1,5.486652977,1,ICI-chemo,yes,134,0.809,37,2.55,0.5596,9,17,16,WT,WT,WT,Mut,WT,WT,WT,WT,Mut,Mut,Mut,WT,Mut,WT,Mut,Mut,Mut,Mut,WT,WT,1MT001187WL1
204,67,Male,IV,14.39014374,1,4.106776181,1,chemo,yes,762,0.587,365,2.64,0.064,57,24,33,Mut,WT,WT,Mut,Mut,Mut,Mut,WT,Mut,Mut,Mut,Mut,Mut,WT,WT,Mut,Mut,WT,WT,Mut,1MT000392WL1
205,66,Male,III,1.051334702,0,0.032854209,0,ICI-chemo,yes,573,0.803,624,3.31,0.3981,49,83,56,WT,Mut,Mut,Mut,Mut,WT,WT,Mut,Mut,WT,Mut,WT,Mut,WT,WT,Mut,Mut,WT,Mut,WT,1MT000756WL1
206,72,Male,IV,16.88706366,1,6.866529774,1,ICI-chemo,yes,427,0.516,113,3.13,0.604,31,28,22,WT,WT,WT,Mut,Mut,WT,Mut,WT,Mut,WT,WT,Mut,Mut,WT,WT,Mut,Mut,WT,WT,WT,1MT001186WL1
207,53,Male,III,25.95482546,0,25.95482546,0,chemo,yes,865,0.333,485,1.87,0.3915,56,70,64,WT,Mut,WT,Mut,WT,Mut,WT,WT,Mut,WT,Mut,Mut,Mut,Mut,WT,Mut,Mut,WT,WT,WT,1MT001184WL1
208,64,Male,IV,22.86652977,1,18.52977413,1,ICI-chemo,yes,1085,0.532,536,3.21,0.3851,114,94,86,WT,WT,WT,Mut,Mut,Mut,Mut,WT,Mut,Mut,Mut,Mut,Mut,Mut,Mut,Mut,Mut,Mut,Mut,Mut,M03094AZW1L1
209,67,Male,IV,3.351129363,1,1.511293634,1,ICI-chemo,yes,591,0.824,148,3.5,0.2697,46,37,33,WT,WT,WT,Mut,Mut,WT,WT,Mut,Mut,WT,WT,Mut,Mut,WT,WT,Mut,Mut,WT,WT,WT,M03046AZW1L1
210,69,Male,IV,26.94045175,0,4.073921971,1,ICI-chemo,yes,62,0.011,62,2,1.00E-04,NA,NA,NA,WT,Mut,WT,Mut,WT,WT,WT,WT,Mut,WT,WT,WT,Mut,WT,Mut,Mut,Mut,Mut,WT,WT,1MT001541WL1
211,67,Male,III,12.15605749,1,4.13963039,1,chemo,yes,232,0.864,113,2.68,2.00E-04,37,35,25,WT,WT,WT,Mut,WT,WT,WT,WT,Mut,Mut,Mut,Mut,Mut,WT,WT,Mut,Mut,WT,WT,WT,1MT001539WL1
212,58,Male,IV,9.199178645,1,4.1724846,0,chemo,no,1,0,0,NA,NA,15,15,13,WT,WT,WT,WT,WT,WT,WT,WT,WT,WT,WT,WT,WT,WT,WT,WT,WT,WT,WT,WT,1MT000838WL1
213,61,Male,IV,3.646817248,1,0.032854209,0,ICI-chemo,yes,143,0.316,38,1.78,0.2839,14,13,14,Mut,WT,WT,WT,WT,WT,WT,WT,Mut,Mut,Mut,Mut,Mut,WT,WT,WT,WT,WT,WT,WT,1MT001535WL1
214,54,Male,III,20.36960986,1,9.49486653,1,ICI-chemo,yes,1152,0.62,315,3.21,0.1454,84,123,93,WT,Mut,WT,Mut,Mut,Mut,WT,Mut,Mut,Mut,Mut,Mut,Mut,Mut,WT,Mut,Mut,WT,Mut,WT,1MT001182WLU
215,65,Male,IV,13.76591376,1,2.299794661,1,chemo,yes,688,0.392,315,2.08,NA,57,19,31,WT,WT,WT,Mut,Mut,WT,WT,WT,Mut,Mut,Mut,WT,Mut,WT,WT,Mut,Mut,WT,WT,WT,1MT000686WL1
216,67,Male,III,15.40862423,1,5.552361396,1,chemo,yes,723,0.447,631,2.6,1.00E-04,101,104,76,WT,WT,WT,Mut,Mut,Mut,WT,WT,Mut,Mut,Mut,Mut,Mut,WT,WT,Mut,Mut,WT,WT,WT,1MT000658WL1
217,57,Female,IV,35.1211499,0,12.71457906,0,ICI-chemo,no,985,0.042,334,1.98,0.2805,100,107,78,WT,WT,WT,WT,WT,Mut,Mut,WT,Mut,Mut,Mut,Mut,Mut,Mut,WT,Mut,Mut,WT,WT,WT,1MT000435WL1
218,68,Male,IV,21.02669405,1,4.829568789,1,ICI-chemo,yes,487,0.666,367,3.41,0.3017,57,46,47,WT,WT,WT,Mut,WT,WT,WT,WT,Mut,WT,WT,WT,Mut,WT,Mut,Mut,Mut,Mut,WT,Mut,M03093AZW1L1
219,61,Male,IV,21.2238193,1,5.552361396,0,chemo,yes,752,0.864,384,1.55,0.2603,74,97,72,WT,WT,WT,Mut,WT,Mut,Mut,WT,Mut,WT,Mut,Mut,Mut,WT,WT,Mut,Mut,WT,WT,Mut,M03089AZW1LU
220,54,Female,IV,38.04517454,0,12.41889117,0,ICI-chemo,yes,62,0.842,25,1.91,0.1817,5,9,8,WT,WT,WT,WT,WT,WT,Mut,WT,Mut,Mut,Mut,Mut,Mut,WT,WT,Mut,WT,WT,WT,WT,M03092AZW1L1
221,46,Male,IV,35.51540041,0,29.53593429,1,ICI-chemo,yes,103,0.867,55,1.5,0.0973,12,16,16,WT,WT,WT,WT,WT,WT,WT,WT,Mut,Mut,Mut,WT,Mut,WT,WT,WT,WT,WT,WT,WT,M03082AZW1LU
222,47,Male,IV,9.232032854,1,5.486652977,1,ICI-chemo,yes,219,0.798,87,2.14,0.3157,NA,NA,NA,WT,WT,WT,WT,WT,WT,WT,WT,Mut,Mut,WT,WT,WT,WT,Mut,WT,WT,Mut,WT,Mut,M03078AZW1L1
223,57,Male,IV,40.21355236,0,40.21355236,1,ICI-chemo,yes,73,0.55,67,3.37,0,NA,NA,NA,WT,WT,WT,Mut,WT,WT,WT,WT,Mut,Mut,Mut,WT,Mut,WT,WT,Mut,Mut,WT,WT,WT,M03071AZW1L1
224,48,Male,III,25.42915811,0,6.735112936,1,chemo,no,67,0.367,40,1.77,0.2752,6,3,3,WT,WT,WT,WT,WT,WT,WT,WT,WT,WT,WT,WT,WT,WT,WT,WT,WT,WT,WT,WT,1MT001179WL1
225,53,Male,IV,24.7063655,0,8.410677618,1,ICI-chemo,yes,603,0.786,324,3.04,0.3981,73,92,69,WT,WT,WT,Mut,WT,Mut,WT,WT,Mut,Mut,Mut,Mut,Mut,Mut,Mut,Mut,Mut,Mut,Mut,WT,1MT001177WL1
226,62,Male,IV,21.65092402,1,2.825462012,1,ICI-chemo,yes,1262,0.519,433,3.02,0.2597,NA,NA,NA,WT,Mut,Mut,Mut,WT,WT,WT,WT,Mut,Mut,Mut,Mut,Mut,Mut,WT,Mut,Mut,WT,Mut,WT,M03070AZW1L1
227,59,Male,IV,25.13347023,0,7.293634497,1,ICI-chemo,yes,154,0.743,114,3.04,3.00E-04,21,15,11,WT,Mut,WT,WT,WT,WT,WT,WT,Mut,Mut,Mut,Mut,Mut,Mut,WT,Mut,WT,WT,WT,WT,1MT001537WL1
228,72,Female,IV,8.114989733,1,3.022587269,1,chemo,yes,88,0.493,52,1.97,2.00E-04,NA,NA,NA,WT,Mut,WT,WT,WT,WT,WT,WT,Mut,Mut,Mut,Mut,Mut,WT,WT,WT,WT,WT,WT,WT,1MT001175WL1
229,66,Female,IV,1.248459959,1,1.248459959,1,ICI-chemo,yes,143,0.594,117,3.71,0.7726,19,22,17,WT,WT,WT,WT,WT,WT,WT,WT,Mut,Mut,Mut,WT,Mut,WT,WT,WT,Mut,WT,Mut,WT,1MT001343WL1
230,70,Male,IV,6.603696099,1,6.603696099,1,ICI-chemo,no,355,0.54,180,2.95,2.00E-04,50,36,37,WT,WT,WT,Mut,WT,WT,WT,WT,Mut,Mut,Mut,WT,Mut,WT,WT,Mut,Mut,WT,WT,WT,1MT000726WL1
231,57,Male,IV,2.924024641,1,1.708418891,1,ICI-chemo,yes,231,0.631,126,3.08,0.3035,27,34,24,WT,WT,WT,Mut,WT,WT,WT,WT,Mut,Mut,Mut,Mut,Mut,Mut,WT,Mut,Mut,WT,WT,WT,1MT000696WL1
232,59,Male,IV,13.43737166,1,11.03901437,1,chemo,yes,88,0.174,31,4.46,3.00E-04,NA,NA,NA,WT,WT,WT,Mut,WT,WT,WT,WT,Mut,Mut,Mut,Mut,Mut,WT,WT,Mut,Mut,WT,WT,WT,1MT000412WL1
233,60,Male,IV,5.32238193,1,2.792607803,1,ICI-chemo,yes,517,0.686,164,2.27,0.4066,63,47,46,WT,Mut,WT,Mut,WT,Mut,WT,WT,Mut,Mut,Mut,WT,Mut,WT,WT,Mut,Mut,Mut,WT,WT,1MT001341WL1
234,69,Female,IV,26.05338809,0,20.76386037,1,ICI-chemo,yes,41,0.489,16,2.1,0,NA,NA,NA,WT,WT,WT,Mut,WT,WT,WT,WT,Mut,Mut,Mut,Mut,Mut,WT,WT,Mut,Mut,WT,WT,WT,1MT001340WL1
235,62,Female,IV,27.43326489,0,6.932238193,0,ICI-chemo,yes,240,0.028,90,2.18,1.00E-04,NA,NA,NA,Mut,WT,WT,Mut,Mut,WT,WT,WT,Mut,Mut,Mut,WT,Mut,WT,WT,Mut,Mut,WT,Mut,WT,1MT000749WL1
236,57,Male,IV,29.24024641,0,8.147843943,1,ICI-chemo,yes,312,0.745,92,3.02,NA,28,34,25,WT,WT,WT,Mut,Mut,WT,WT,WT,Mut,Mut,Mut,Mut,Mut,Mut,WT,Mut,Mut,WT,WT,WT,1MT000724WL1
237,66,Male,IV,10.51334702,1,0.032854209,0,ICI-chemo,yes,223,0.724,137,3.29,NA,18,29,22,WT,WT,WT,Mut,WT,WT,WT,WT,Mut,WT,Mut,WT,Mut,WT,WT,Mut,Mut,WT,WT,WT,1MT000719WL1
238,56,Male,IV,6.833675565,1,3.482546201,1,ICI-chemo,yes,620,0.786,281,3.35,0.349,57,23,30,WT,WT,Mut,Mut,Mut,WT,WT,WT,Mut,WT,Mut,WT,Mut,WT,WT,Mut,Mut,Mut,Mut,WT,1MT000421WL1
239,70,Male,IV,21.88090349,1,5.32238193,1,ICI-chemo,no,122,0.188,73,2.18,NA,NA,NA,NA,WT,WT,WT,Mut,WT,WT,WT,WT,Mut,Mut,Mut,Mut,Mut,WT,WT,Mut,Mut,WT,WT,WT,1MT000406WL1
240,73,Female,IV,34.56262834,1,22.57084189,1,ICI-chemo,no,102,0.316,24,1.89,0.1832,9,13,9,WT,WT,WT,WT,WT,WT,WT,WT,WT,Mut,WT,Mut,Mut,WT,WT,WT,WT,WT,WT,WT,M03124AZW1L1
241,57,Male,IV,22.86652977,1,5.683778234,1,ICI-chemo,yes,255,0.812,105,3.45,0.3085,20,12,17,WT,WT,WT,Mut,WT,WT,WT,Mut,Mut,Mut,Mut,Mut,Mut,Mut,WT,Mut,Mut,WT,WT,WT,M03137AZW1L1
242,68,Female,IV,4.303901437,1,2.661190965,1,ICI-chemo,yes,112,0.652,41,2.83,0.4768,7,2,2,WT,Mut,WT,Mut,WT,WT,WT,WT,Mut,Mut,Mut,Mut,Mut,WT,WT,Mut,Mut,WT,WT,WT,1MT001333WL1
243,70,Male,IV,36.36960986,0,3.088295688,1,ICI-chemo,no,909,0.63,147,2.3,0.0775,NA,NA,NA,WT,WT,WT,Mut,Mut,WT,WT,WT,Mut,Mut,Mut,Mut,Mut,Mut,WT,Mut,Mut,WT,WT,WT,M03063AZW1L1
244,58,Male,IV,25.0349076,0,25.0349076,0,ICI-chemo,no,211,0.006,105,2,2.00E-04,NA,NA,NA,WT,WT,WT,WT,WT,WT,WT,WT,Mut,Mut,Mut,WT,Mut,WT,WT,WT,WT,WT,WT,WT,1MT001334WL1
245,58,Female,IV,25.56057495,0,25.56057495,0,ICI-chemo,no,1065,0.307,316,5.48,NA,101,149,95,WT,WT,WT,Mut,WT,Mut,WT,WT,Mut,Mut,Mut,Mut,Mut,WT,WT,Mut,Mut,WT,WT,WT,1MT001332WL1
246,73,Male,IV,16.78850103,1,4.1724846,1,chemo,no,1156,0.71,536,3.18,0.3712,110,43,62,WT,WT,WT,Mut,Mut,WT,WT,WT,Mut,Mut,Mut,Mut,Mut,Mut,WT,Mut,Mut,Mut,WT,WT,1MT001331WL1
247,64,Male,III,26.41478439,0,24.77207392,0,ICI-chemo,yes,255,0.687,194,2.39,0.3436,26,12,14,WT,WT,WT,WT,WT,WT,WT,WT,Mut,Mut,Mut,WT,Mut,WT,WT,WT,WT,WT,WT,WT,1MT001330WL1
248,64,Male,IV,26.7761807,0,16.55852156,0,ICI-chemo,yes,618,0.506,620,2.03,0.003,67,114,72,WT,Mut,WT,Mut,Mut,WT,Mut,WT,Mut,Mut,Mut,Mut,Mut,WT,WT,Mut,Mut,WT,WT,WT,1MT001329WL1
249,49,Male,III,28.02464066,0,5.388090349,1,chemo,yes,478,0.64,394,3.64,NA,54,55,46,WT,WT,WT,Mut,WT,Mut,WT,WT,Mut,Mut,Mut,Mut,Mut,WT,Mut,Mut,Mut,Mut,WT,WT,1MT001328WLU
250,66,Male,IV,16.19712526,1,4.041067762,1,chemo,yes,521,0.423,236,3.7,0.5219,78,70,56,WT,WT,WT,Mut,WT,Mut,WT,WT,Mut,WT,Mut,WT,Mut,WT,Mut,Mut,Mut,Mut,Mut,Mut,1MT000621WL1
251,51,Male,IV,19.61396304,1,5.486652977,1,ICI-chemo,yes,422,0.68,306,3.24,NA,35,9,15,WT,WT,WT,Mut,WT,WT,Mut,Mut,Mut,Mut,WT,Mut,Mut,Mut,WT,Mut,Mut,WT,WT,WT,1MT001327WL1
252,63,Male,IV,33.21560575,0,33.21560575,0,ICI-chemo,yes,574,0.262,323,1.85,0.4904,66,63,51,WT,WT,WT,WT,WT,WT,WT,WT,Mut,Mut,Mut,Mut,WT,WT,Mut,Mut,Mut,WT,Mut,WT,1MT000413WLU
253,58,Male,III,25.75770021,0,5.453798768,1,chemo,yes,10,0.016,4,2,0,NA,NA,NA,WT,WT,WT,Mut,WT,WT,WT,WT,Mut,WT,WT,WT,Mut,WT,WT,Mut,Mut,WT,Mut,WT,1MT001326WL1
254,63,Male,IV,9.100616016,1,2.759753593,0,chemo,yes,239,0.318,112,2.06,0.455,18,23,17,WT,WT,WT,Mut,WT,WT,WT,WT,Mut,Mut,Mut,WT,Mut,WT,WT,Mut,Mut,WT,WT,WT,1MT001325WLU
255,68,Male,IV,14.78439425,1,1.314168378,0,ICI-chemo,yes,547,0.556,158,2.56,0.5799,33,19,22,WT,Mut,WT,Mut,WT,WT,WT,WT,Mut,Mut,Mut,Mut,Mut,WT,WT,Mut,Mut,WT,WT,WT,1MT001324WL1
256,54,Male,IV,14.12731006,1,5.815195072,1,chemo,yes,958,0.682,423,3.23,0.6641,113,126,104,Mut,WT,WT,Mut,Mut,WT,WT,WT,Mut,Mut,Mut,Mut,Mut,Mut,Mut,Mut,Mut,Mut,Mut,Mut,1MT001534WL1
257,60,Female,IV,16.06570842,1,5.453798768,1,ICI-chemo,no,457,0.666,291,2.27,0.2223,43,55,46,WT,WT,WT,Mut,WT,WT,WT,WT,Mut,Mut,Mut,Mut,Mut,WT,WT,Mut,Mut,WT,WT,WT,1MT000751WL1
258,48,Male,IV,5.650924025,1,3.712525667,1,ICI-chemo,yes,457,0,0,NA,NA,NA,NA,NA,WT,WT,WT,WT,WT,WT,WT,WT,Mut,Mut,Mut,Mut,Mut,Mut,WT,WT,WT,WT,WT,WT,1MT000061WL1
259,68,Male,IV,13.50308008,1,5.585215606,0,ICI-chemo,yes,83,0.519,30,2.15,3.00E-04,9,12,7,WT,WT,WT,Mut,WT,WT,WT,WT,Mut,WT,WT,WT,Mut,WT,WT,Mut,Mut,WT,WT,WT,1MT001323WL1
260,55,Male,IV,24.96919918,0,24.96919918,0,ICI-chemo,yes,291,0.691,150,3.23,NA,36,35,19,WT,WT,WT,Mut,WT,WT,WT,WT,Mut,WT,Mut,WT,Mut,WT,WT,Mut,Mut,WT,WT,WT,1MT001527WL1
261,68,Male,IV,27.20328542,0,3.022587269,1,chemo,yes,507,0.579,305,3.28,NA,63,73,56,WT,Mut,Mut,Mut,Mut,Mut,WT,Mut,Mut,Mut,Mut,WT,Mut,WT,Mut,Mut,Mut,Mut,Mut,Mut,1MT001322WLU
262,66,Male,III,29.2073922,0,29.2073922,0,ICI-chemo,yes,2722,0.899,1198,2.17,0.2612,NA,NA,NA,WT,Mut,Mut,Mut,Mut,Mut,WT,WT,Mut,Mut,Mut,Mut,Mut,Mut,WT,Mut,Mut,Mut,Mut,WT,1MT001321WL1
263,65,Male,IV,15.37577002,1,2.759753593,0,ICI-chemo,yes,821,0.411,712,1.87,0.3671,78,67,51,WT,Mut,WT,Mut,WT,WT,WT,WT,Mut,Mut,Mut,Mut,Mut,WT,Mut,Mut,Mut,Mut,WT,Mut,1MT000712WL1
264,56,Female,IV,14.81724846,1,7.162217659,1,chemo,yes,84,0.393,18,1.93,0.577,5,8,7,WT,WT,WT,WT,WT,WT,WT,WT,Mut,Mut,Mut,Mut,Mut,Mut,WT,Mut,Mut,WT,WT,WT,1MT001320WL1
265,57,Female,IV,26.54620123,0,24.57494867,0,ICI-chemo,yes,205,0.559,96,1.92,0.3203,24,26,19,WT,WT,WT,WT,WT,WT,WT,WT,Mut,Mut,Mut,WT,Mut,Mut,WT,Mut,Mut,WT,Mut,WT,1MT001526WL1
266,36,Female,III,27.63039014,0,1.379876797,0,ICI-chemo,yes,1,0,0,NA,NA,NA,NA,NA,WT,WT,WT,WT,WT,WT,WT,WT,Mut,Mut,Mut,WT,Mut,WT,WT,WT,WT,WT,WT,WT,1MT000636WL1
267,56,Male,III,28.28747433,0,25.52772074,1,ICI-chemo,yes,413,0.293,221,1.85,0.539,45,74,47,WT,WT,WT,Mut,WT,Mut,WT,Mut,Mut,WT,Mut,WT,Mut,WT,WT,Mut,Mut,WT,WT,WT,1MT001319WL1
268,74,Male,III,22.11088296,1,8.31211499,1,ICI-chemo,no,406,0.475,197,3.25,0.0065,50,36,37,WT,WT,WT,Mut,WT,WT,WT,WT,Mut,WT,Mut,WT,Mut,WT,WT,Mut,Mut,WT,WT,WT,1MT001318WL1
269,58,Male,IV,29.53593429,0,14.29158111,1,chemo,no,415,0.337,395,2.2,1.00E-04,NA,NA,NA,WT,WT,Mut,Mut,WT,Mut,WT,WT,Mut,Mut,Mut,WT,Mut,WT,WT,Mut,Mut,WT,Mut,Mut,1MT000754WL1
270,74,Male,III,5.223819302,1,2.858316222,1,chemo,yes,551,0.632,293,2.53,0.599,44,73,51,WT,WT,WT,Mut,WT,Mut,WT,WT,Mut,Mut,Mut,Mut,Mut,WT,WT,Mut,Mut,WT,WT,WT,1MT000745WL1
271,60,Male,IV,7.09650924,1,7.09650924,1,ICI-chemo,yes,526,0.547,195,2.96,0.2918,28,17,14,Mut,Mut,Mut,Mut,Mut,WT,WT,WT,Mut,Mut,Mut,Mut,Mut,WT,WT,Mut,Mut,Mut,Mut,Mut,1MT000422WL1
272,46,Male,IV,5.749486653,1,5.552361396,1,ICI-chemo,no,211,0.108,72,2.17,0.2043,18,24,15,WT,WT,WT,WT,WT,WT,WT,WT,WT,WT,WT,WT,WT,WT,WT,WT,WT,WT,WT,WT,1MT000391WL1
273,56,Male,IV,32.45995893,0,4.336755647,1,chemo,yes,1203,0.304,230,1.91,0.4929,110,53,51,WT,WT,WT,Mut,WT,Mut,WT,WT,Mut,WT,Mut,WT,Mut,WT,WT,Mut,Mut,Mut,Mut,Mut,1MT000387WL1
274,72,Male,III,21.58521561,1,3.745379877,1,ICI-chemo,yes,792,0.658,420,2.21,NA,94,79,66,WT,Mut,WT,Mut,WT,WT,WT,WT,Mut,Mut,Mut,Mut,Mut,WT,WT,Mut,Mut,WT,Mut,WT,1MT001317WL1
275,70,Male,IV,25.59342916,1,8.476386037,1,ICI-chemo,no,16,0.829,5,1.98,NA,NA,NA,NA,WT,WT,WT,WT,WT,WT,WT,WT,WT,WT,WT,WT,WT,WT,WT,WT,WT,WT,WT,WT,1MT001316WL1
276,67,Male,IV,20.56673511,1,12.68172485,1,chemo,yes,430,0.442,130,2.49,0.4554,39,45,41,WT,WT,WT,Mut,WT,WT,WT,WT,Mut,Mut,Mut,WT,Mut,WT,WT,Mut,Mut,WT,WT,WT,1MT001315WL1
277,52,Female,IV,31.80287474,0,7.392197125,1,ICI-chemo,yes,99,0.063,24,2,NA,NA,NA,NA,WT,WT,WT,Mut,WT,WT,WT,WT,Mut,WT,WT,WT,Mut,WT,WT,Mut,Mut,WT,WT,WT,1MT000660WLU
278,69,Male,IV,15.96714579,1,8.246406571,1,ICI-chemo,yes,157,0.086,107,2.34,2.00E-04,NA,NA,NA,WT,WT,WT,Mut,WT,WT,WT,WT,Mut,Mut,Mut,Mut,Mut,WT,WT,Mut,Mut,WT,WT,WT,1MT000420WLU
279,46,Male,III,21.61806982,0,3.679671458,1,chemo,yes,692,0.727,482,2.94,0.471,84,46,57,WT,WT,WT,Mut,Mut,WT,Mut,Mut,Mut,Mut,Mut,Mut,Mut,WT,Mut,Mut,Mut,Mut,WT,WT,1MT001303WL1
280,70,Male,IV,8.706365503,1,1.577002053,0,ICI-chemo,yes,1319,0.647,878,3.11,NA,129,101,103,WT,Mut,WT,Mut,Mut,Mut,WT,WT,Mut,Mut,Mut,Mut,Mut,WT,WT,Mut,Mut,WT,Mut,WT,1MT001301WL1
281,52,Male,IV,14.32443532,1,5.420944559,1,chemo,yes,658,0.685,78,2.9,0.2683,61,59,56,WT,WT,Mut,WT,Mut,WT,WT,WT,Mut,Mut,Mut,Mut,Mut,Mut,WT,Mut,WT,WT,Mut,WT,1MT001218WL1
282,64,Male,IV,21.38809035,1,8.180698152,0,ICI-chemo,yes,574,0.593,298,3.1,0.3807,42,17,26,WT,WT,WT,Mut,Mut,WT,WT,WT,Mut,WT,Mut,WT,Mut,WT,WT,Mut,Mut,WT,WT,WT,1MT001216WL1
283,55,Male,IV,12.84599589,1,5.420944559,1,chemo,yes,333,0.678,228,3.02,0.4662,56,51,44,WT,WT,WT,Mut,WT,Mut,WT,WT,Mut,WT,WT,WT,Mut,WT,WT,Mut,Mut,WT,WT,WT,1MT001349WL1
284,71,Male,IV,22.93223819,1,4.205338809,1,chemo,yes,596,0.739,305,2.74,0.3486,70,84,71,WT,Mut,WT,Mut,Mut,WT,WT,WT,Mut,Mut,Mut,WT,Mut,Mut,Mut,Mut,Mut,Mut,Mut,Mut,1MT001211WL1
285,72,Male,IV,26.4476386,0,24.73921971,0,ICI-chemo,yes,863,0.723,431,3.17,3.00E-04,79,58,48,WT,Mut,WT,WT,Mut,WT,WT,Mut,Mut,Mut,Mut,WT,Mut,WT,WT,WT,Mut,WT,Mut,WT,1MT001210WL1
286,68,Male,IV,24.44353183,0,5.420944559,0,ICI-chemo,no,1604,0.602,929,3.48,0.3675,NA,NA,NA,WT,WT,Mut,Mut,WT,WT,WT,WT,Mut,Mut,Mut,Mut,Mut,Mut,Mut,Mut,Mut,Mut,Mut,Mut,1MT001209WLU
287,45,Male,IV,0.854209446,1,0.854209446,1,ICI-chemo,yes,894,0.572,367,2.65,0.3258,137,143,111,Mut,Mut,WT,Mut,Mut,WT,WT,WT,Mut,WT,Mut,Mut,Mut,WT,WT,Mut,Mut,Mut,WT,WT,1MT001208WLU
288,64,Male,IV,8.147843943,1,5.388090349,1,chemo,yes,886,0.743,238,3.59,0.5614,58,122,75,WT,WT,WT,Mut,WT,Mut,WT,WT,Mut,Mut,Mut,WT,Mut,WT,Mut,Mut,Mut,Mut,WT,WT,1MT001207WL1
289,65,Female,IV,26.64476386,0,24.80492813,0,ICI-chemo,yes,21,0.024,5,2,0,NA,NA,NA,WT,WT,WT,Mut,WT,WT,WT,WT,Mut,Mut,Mut,WT,Mut,WT,WT,Mut,Mut,WT,WT,WT,1MT001206WL1
290,52,Male,IV,26.67761807,0,22.80082136,0,chemo,no,18,0.01,2,2,1.00E-04,NA,NA,NA,WT,WT,WT,WT,WT,WT,WT,WT,Mut,Mut,Mut,WT,Mut,WT,WT,WT,WT,WT,WT,WT,1MT001204WL1
291,64,Male,IV,10.51334702,1,5.486652977,1,ICI-chemo,yes,336,0.84,191,2.63,0.746,29,12,16,WT,WT,WT,Mut,Mut,WT,WT,WT,Mut,Mut,Mut,WT,Mut,Mut,WT,Mut,Mut,WT,WT,WT,1MT001203WL1
292,68,Male,IV,28.09034908,0,16.39425051,1,chemo,yes,1878,0.764,311,3.54,NA,134,205,144,WT,Mut,Mut,Mut,Mut,WT,WT,WT,Mut,WT,Mut,WT,Mut,WT,Mut,Mut,Mut,Mut,Mut,WT,1MT001557WL1
293,73,Male,IV,6.340862423,1,6.340862423,1,ICI-chemo,no,723,0.75,393,3.88,0.5124,69,47,55,WT,Mut,WT,Mut,Mut,WT,WT,WT,Mut,Mut,Mut,Mut,Mut,WT,WT,Mut,Mut,WT,WT,WT,1MT000770WL1
294,51,Male,IV,29.70020534,0,24.90349076,0,ICI-chemo,yes,824,0.665,245,3.7,0.1548,72,114,83,WT,Mut,WT,WT,Mut,WT,WT,WT,Mut,Mut,Mut,Mut,Mut,WT,WT,WT,Mut,WT,WT,WT,1MT000741WL1
295,62,Male,IV,5.289527721,1,1.412731006,1,ICI-chemo,yes,728,0.716,326,2.59,0.6135,66,93,66,WT,WT,WT,Mut,WT,Mut,WT,Mut,Mut,Mut,WT,Mut,Mut,WT,WT,Mut,Mut,WT,WT,WT,1MT000717WL1
296,68,Female,IV,5.026694045,1,5.026694045,1,ICI-chemo,yes,328,0.228,106,2.14,NA,34,48,34,WT,Mut,WT,Mut,WT,Mut,WT,WT,Mut,Mut,Mut,WT,Mut,WT,WT,Mut,Mut,WT,WT,WT,1MT000708WL1
297,53,Male,IV,29.17453799,1,9.691991786,1,chemo,yes,836,0.439,324,2.04,0.7281,67,23,39,WT,Mut,WT,Mut,WT,Mut,Mut,WT,Mut,WT,Mut,Mut,Mut,WT,WT,Mut,Mut,WT,WT,Mut,1MT000702WL1
298,64,Female,IV,4.073921971,1,4.073921971,1,ICI-chemo,no,66,0.902,25,1.45,0,6,6,7,WT,WT,WT,Mut,WT,WT,WT,WT,Mut,Mut,Mut,WT,Mut,WT,WT,Mut,Mut,WT,WT,WT,1MT000692WL1
299,51,Male,III,31.70431211,0,31.08008214,0,ICI-chemo,yes,1339,0.898,668,3.72,0.566,93,90,82,WT,Mut,WT,Mut,Mut,Mut,WT,WT,Mut,Mut,Mut,Mut,Mut,WT,WT,Mut,Mut,Mut,WT,WT,1MT000677WLU
300,68,Male,IV,25.10061602,0,25.10061602,0,ICI-chemo,yes,1092,0.561,842,2.76,0,124,88,96,WT,Mut,WT,Mut,Mut,WT,WT,WT,Mut,Mut,Mut,Mut,Mut,WT,WT,Mut,Mut,WT,Mut,Mut,1MT001295WLU
301,53,Female,IV,25.06776181,0,25.06776181,0,ICI-chemo,yes,18,0.985,7,1.88,0,2,1,2,WT,WT,WT,Mut,WT,WT,WT,WT,Mut,WT,WT,WT,Mut,WT,WT,Mut,Mut,WT,WT,WT,1MT001294WLU
302,66,Male,IV,19.28542094,1,14.68583162,1,ICI-chemo,yes,156,0.618,54,2.3,1.00E-04,15,15,14,WT,WT,WT,Mut,WT,WT,WT,WT,Mut,Mut,Mut,WT,Mut,WT,WT,Mut,Mut,WT,WT,WT,1MT001293WLU
303,74,Female,IV,16.52566735,1,8.344969199,1,ICI-chemo,yes,580,0.794,282,4.57,0.5951,43,10,19,WT,WT,WT,Mut,Mut,WT,WT,Mut,Mut,Mut,Mut,Mut,Mut,WT,WT,Mut,Mut,WT,Mut,WT,1MT001292WL1
304,62,Male,IV,20.04106776,1,14.32443532,1,ICI-chemo,no,375,0,0,NA,NA,54,69,47,WT,Mut,WT,WT,Mut,WT,WT,WT,Mut,Mut,Mut,Mut,Mut,WT,WT,WT,WT,WT,WT,WT,1MT000857WL1
305,59,Male,III,26.64476386,0,16.55852156,1,ICI-chemo,yes,937,0.596,389,3.47,0.3546,87,37,46,Mut,Mut,WT,Mut,Mut,Mut,WT,WT,Mut,Mut,Mut,Mut,Mut,WT,WT,Mut,Mut,WT,Mut,Mut,1MT001291WL1
306,56,Male,III,9.067761807,1,9.067761807,1,ICI-chemo,yes,384,0.742,215,4.23,NA,55,72,46,WT,WT,WT,Mut,WT,WT,WT,WT,Mut,WT,WT,WT,Mut,WT,WT,Mut,Mut,WT,Mut,WT,1MT001290WL1
307,42,Female,III,26.15195072,0,6.866529774,1,ICI-chemo,yes,234,0.824,114,3.43,NA,17,13,10,WT,WT,WT,Mut,WT,WT,WT,WT,Mut,Mut,WT,WT,Mut,WT,WT,Mut,Mut,WT,WT,WT,1MT001289WL1
308,67,Female,IV,19.61396304,1,5.453798768,1,ICI-chemo,yes,118,0.274,6,2.24,0.5859,6,1,1,Mut,WT,WT,WT,WT,Mut,WT,WT,Mut,Mut,Mut,Mut,Mut,WT,WT,WT,WT,WT,WT,WT,1MT001288WL1
309,58,Female,IV,17.54414784,1,4.106776181,1,ICI-chemo,yes,160,0.758,52,3.86,0,15,18,12,WT,WT,WT,Mut,WT,WT,Mut,WT,Mut,Mut,Mut,Mut,Mut,WT,WT,Mut,Mut,WT,WT,WT,1MT001287WL1
310,51,Male,IV,24.11498973,0,9.593429158,1,chemo,yes,636,0.588,348,4.01,NA,75,113,79,WT,WT,WT,Mut,WT,WT,WT,WT,Mut,Mut,Mut,Mut,Mut,WT,WT,Mut,Mut,Mut,WT,WT,1MT001286WL1
311,55,Female,IV,26.57905544,0,5.453798768,1,ICI-chemo,yes,90,0,0,NA,NA,14,18,14,WT,Mut,WT,WT,WT,WT,WT,WT,WT,WT,WT,Mut,WT,WT,WT,WT,WT,WT,WT,WT,1MT000782WL1
312,57,Male,IV,4.402464066,1,4.13963039,1,ICI-chemo,yes,493,0.65,118,3.06,NA,46,18,27,Mut,WT,WT,WT,WT,Mut,WT,WT,Mut,Mut,Mut,WT,Mut,WT,WT,WT,WT,WT,WT,WT,1MT001285WL1
313,47,Male,IV,2.562628337,1,1.379876797,1,ICI-chemo,yes,126,0.046,46,2.06,3.00E-04,12,21,12,WT,WT,WT,WT,WT,WT,WT,WT,Mut,Mut,Mut,Mut,Mut,WT,WT,Mut,WT,WT,WT,WT,1MT001282WL1
314,49,Male,III,19.15400411,1,3.942505133,1,ICI-chemo,yes,62,0.043,9,3.13,3.00E-04,5,7,5,WT,WT,WT,WT,WT,WT,WT,WT,Mut,Mut,Mut,Mut,Mut,WT,WT,WT,WT,WT,WT,WT,1MT001281WL1
315,55,Male,IV,28.28747433,1,5.158110883,1,chemo,yes,532,0.71,142,2.65,NA,62,63,52,Mut,WT,Mut,Mut,WT,WT,WT,WT,Mut,WT,Mut,WT,Mut,Mut,Mut,Mut,Mut,WT,Mut,WT,1MT001278WL1
316,69,Male,IV,11.07186858,1,8.31211499,1,ICI-chemo,yes,375,0.723,123,3.35,NA,32,8,14,WT,Mut,WT,Mut,WT,Mut,WT,WT,Mut,Mut,Mut,WT,Mut,WT,WT,Mut,Mut,WT,WT,WT,1MT000767WL1
317,63,Male,IV,21.38809035,1,8.31211499,1,ICI-chemo,yes,755,0.82,434,3.39,NA,46,24,29,Mut,WT,WT,Mut,Mut,Mut,Mut,WT,Mut,Mut,Mut,Mut,Mut,WT,WT,Mut,Mut,WT,WT,WT,1MT000755WL1
318,67,Male,IV,10.74332649,1,5.552361396,1,ICI-chemo,yes,467,0.708,439,3.9,0.4374,44,17,23,WT,Mut,WT,Mut,Mut,WT,WT,WT,Mut,Mut,Mut,Mut,Mut,WT,Mut,Mut,Mut,Mut,WT,WT,1MT000763WL1
319,74,Male,IV,29.96303901,1,4.205338809,1,ICI-chemo,no,397,0.411,399,3.67,0.4072,51,45,38,WT,WT,WT,Mut,WT,WT,WT,Mut,Mut,Mut,Mut,Mut,Mut,Mut,WT,Mut,Mut,WT,WT,WT,1MT000744WL1
320,72,Male,IV,8.476386037,1,4.205338809,1,ICI-chemo,yes,787,0.622,220,3.11,0.3669,54,22,31,WT,Mut,WT,Mut,WT,Mut,WT,WT,Mut,Mut,Mut,Mut,Mut,WT,WT,Mut,Mut,WT,Mut,WT,1MT000711WL1
321,64,Male,III,25.29774127,0,24.64065708,0,chemo,no,4,0.007,0,2,0.005,NA,NA,NA,WT,WT,WT,WT,WT,WT,WT,WT,WT,Mut,WT,Mut,Mut,WT,WT,WT,WT,WT,WT,WT,1MT001521WL1
322,55,Female,IV,25.29774127,0,8.27926078,1,chemo,no,57,0.21,20,1.8,1.00E-04,6,5,7,WT,WT,WT,WT,WT,WT,WT,WT,Mut,Mut,Mut,Mut,Mut,WT,WT,Mut,WT,WT,WT,WT,1MT001520WL1
323,69,Male,IV,6.143737166,1,2.759753593,1,chemo,yes,19,0.017,2,2,3.00E-04,NA,NA,NA,Mut,WT,WT,WT,WT,WT,WT,WT,Mut,Mut,Mut,Mut,Mut,WT,WT,WT,WT,WT,WT,WT,1MT001271WL1
324,60,Male,III,23.85215606,0,2.661190965,0,ICI-chemo,no,316,0.607,108,2.02,0,11,19,15,WT,WT,WT,WT,WT,WT,WT,WT,Mut,Mut,Mut,Mut,Mut,WT,WT,WT,Mut,WT,WT,WT,1MT001270WL1
325,67,Male,III,27.137577,0,27.137577,0,ICI-chemo,yes,7705,0.651,3256,3.54,NA,300,300,528,Mut,Mut,Mut,Mut,Mut,Mut,WT,WT,Mut,Mut,Mut,Mut,Mut,Mut,Mut,Mut,Mut,Mut,Mut,Mut,1MT001265WL1
326,56,Male,IV,27.137577,0,25.95482546,1,ICI-chemo,no,56,0.162,18,1.58,2.00E-04,NA,NA,NA,WT,Mut,WT,WT,WT,WT,WT,WT,Mut,Mut,Mut,WT,Mut,WT,WT,WT,WT,WT,WT,WT,1MT001258WL1
327,47,Male,IV,26.87474333,0,18.82546201,1,chemo,no,266,0.676,142,1.86,0.2317,26,8,13,WT,WT,WT,WT,Mut,WT,WT,WT,Mut,Mut,Mut,WT,Mut,WT,WT,WT,Mut,WT,Mut,WT,1MT001256WL1
328,57,Male,III,20.27104723,1,5.683778234,1,chemo,yes,782,0.726,451,3.08,NA,54,22,27,WT,WT,WT,Mut,Mut,Mut,WT,WT,Mut,WT,WT,WT,Mut,Mut,WT,Mut,Mut,WT,Mut,WT,1MT000710WL1
329,67,Female,III,30.88295688,0,30.88295688,0,ICI-chemo,yes,1213,0.466,695,4.24,NA,74,28,39,Mut,Mut,WT,WT,Mut,WT,WT,WT,Mut,Mut,Mut,Mut,Mut,WT,WT,WT,Mut,WT,Mut,Mut,1MT000673WL1
330,64,Male,III,23.72073922,1,9.724845996,1,ICI-chemo,yes,494,0.545,171,3.2,0.3719,42,34,31,Mut,WT,WT,Mut,Mut,WT,WT,WT,Mut,WT,Mut,WT,Mut,Mut,WT,Mut,Mut,WT,WT,WT,1MT000407WLU
331,55,Male,IV,33.64271047,0,11.00616016,1,chemo,no,659,0.588,157,3.47,NA,51,21,29,WT,WT,WT,Mut,Mut,WT,WT,WT,Mut,Mut,Mut,WT,Mut,WT,WT,Mut,Mut,WT,WT,WT,1MT000405WL1
332,65,Male,IV,8.90349076,1,4.369609856,1,ICI-chemo,yes,995,0.635,354,2.34,0.0771,112,110,76,Mut,Mut,WT,Mut,Mut,Mut,Mut,WT,Mut,Mut,Mut,Mut,Mut,WT,WT,Mut,Mut,WT,WT,WT,1MT000389WL1
334,69,Male,III,29.24024641,0,29.17453799,0,ICI-chemo,no,1003,0.642,566,2.47,0.4799,87,94,76,Mut,WT,WT,Mut,Mut,WT,WT,WT,Mut,Mut,Mut,Mut,Mut,Mut,Mut,Mut,Mut,Mut,WT,Mut,1MT000760WL1
335,74,Male,IV,14.19301848,1,4.238193018,1,ICI-chemo,yes,346,0.609,263,3.99,NA,36,52,39,WT,WT,WT,Mut,Mut,WT,WT,WT,Mut,Mut,Mut,Mut,Mut,WT,WT,Mut,Mut,WT,Mut,WT,1MT000759WL1
336,65,Female,IV,13.83162218,1,8.31211499,1,ICI-chemo,no,50,0.032,56,2.31,3.00E-04,NA,NA,NA,WT,WT,WT,WT,WT,WT,WT,WT,Mut,Mut,Mut,WT,Mut,WT,Mut,WT,WT,Mut,WT,Mut,1MT000729WL1
337,72,Male,IV,7.852156057,1,1.149897331,0,ICI-chemo,yes,1754,0.383,697,3.33,0.4597,195,171,136,Mut,WT,Mut,Mut,Mut,WT,Mut,WT,Mut,Mut,Mut,Mut,Mut,WT,Mut,Mut,Mut,Mut,Mut,WT,1MT001255WLU
338,44,Male,III,26.48049281,0,5.585215606,1,chemo,yes,721,0.637,332,3.23,NA,80,26,39,WT,Mut,WT,Mut,WT,Mut,Mut,WT,Mut,WT,Mut,Mut,Mut,Mut,Mut,Mut,Mut,Mut,Mut,WT,1MT001253WL1
339,71,Male,IV,21.05954825,1,6.932238193,1,chemo,no,1293,0.555,314,3.43,NA,156,101,98,WT,WT,WT,Mut,WT,Mut,WT,WT,Mut,Mut,Mut,Mut,Mut,WT,WT,Mut,Mut,WT,Mut,WT,1MT001252WL1
340,56,Male,III,0.985626283,1,0.985626283,1,ICI-chemo,no,672,0.434,262,3.45,0.3622,77,70,58,WT,Mut,WT,Mut,Mut,WT,WT,WT,Mut,Mut,Mut,Mut,Mut,WT,WT,Mut,Mut,WT,WT,WT,1MT001251WL1
341,68,Female,IV,21.15811088,1,7.162217659,1,ICI-chemo,yes,38,0.618,8,2.55,0,1,1,0,WT,WT,WT,WT,WT,WT,WT,WT,Mut,Mut,Mut,Mut,Mut,WT,WT,WT,WT,WT,WT,WT,1MT001248WL1
342,54,Male,IV,20.99383984,1,1.248459959,1,ICI-chemo,yes,1559,0.659,631,2.86,NA,116,58,66,WT,Mut,Mut,Mut,Mut,Mut,WT,Mut,Mut,Mut,Mut,Mut,Mut,WT,Mut,Mut,Mut,Mut,Mut,Mut,1MT000748WL1
343,58,Male,IV,31.40862423,0,10.38193018,0,ICI-chemo,yes,365,0.582,227,3.08,0.3691,46,35,31,WT,WT,WT,Mut,WT,WT,WT,WT,Mut,Mut,WT,Mut,Mut,WT,WT,Mut,Mut,WT,Mut,WT,1MT000723WL1
344,67,Male,IV,30.19301848,0,13.10882957,1,ICI-chemo,yes,922,0.793,603,3.11,NA,73,28,33,WT,WT,WT,Mut,WT,WT,WT,WT,Mut,Mut,Mut,Mut,Mut,WT,Mut,Mut,Mut,Mut,WT,Mut,1MT000722WL1
345,54,Female,IV,3.58110883,1,0.032854209,0,ICI-chemo,yes,121,0.724,79,3.46,0.2912,10,2,4,WT,WT,WT,WT,WT,WT,WT,WT,Mut,Mut,Mut,WT,Mut,Mut,WT,WT,WT,WT,WT,WT,1MT000699WL1
346,66,Male,IV,10.0862423,1,6.932238193,1,ICI-chemo,yes,2019,0.228,1399,3.25,0.1808,211,300,227,WT,Mut,WT,Mut,Mut,WT,WT,WT,Mut,WT,Mut,WT,Mut,Mut,WT,Mut,Mut,WT,Mut,WT,1MT000683WL1
347,73,Male,IV,7.425051335,1,3.318275154,0,chemo,yes,282,0.667,162,3.95,0.2942,27,49,34,WT,WT,WT,Mut,Mut,WT,WT,WT,Mut,Mut,Mut,WT,Mut,WT,WT,Mut,Mut,WT,WT,WT,1MT000409WL1
348,74,Male,IV,30.98151951,0,3.613963039,1,ICI-chemo,no,1408,0.572,905,3.57,0.1753,124,56,72,WT,Mut,WT,Mut,Mut,WT,WT,WT,Mut,Mut,Mut,Mut,Mut,Mut,WT,Mut,Mut,WT,Mut,Mut,1MT000411WL1
349,38,Female,IV,16.98562628,1,6.767967146,1,ICI-chemo,no,92,0.589,14,1.42,0.3705,8,1,2,WT,WT,WT,WT,WT,WT,WT,WT,WT,Mut,WT,WT,WT,WT,WT,WT,WT,WT,WT,WT,1MT000384WL1
350,65,Male,III,5.9137577,1,1.544147844,0,ICI-chemo,yes,575,0.792,290,3.34,0.2579,63,26,35,Mut,Mut,Mut,Mut,WT,WT,WT,WT,Mut,WT,Mut,WT,Mut,Mut,Mut,Mut,Mut,WT,Mut,WT,1MT000381WL1
351,67,Male,IV,11.26899384,1,4.665297741,1,ICI-chemo,yes,157,0.703,44,1.82,1.00E-04,17,6,10,WT,WT,WT,WT,WT,WT,WT,WT,Mut,Mut,Mut,Mut,Mut,WT,WT,WT,WT,WT,WT,WT,1MT000386WL1
352,67,Female,IV,21.2238193,1,2.95687885,0,ICI-chemo,yes,471,0.623,166,3.82,0.426,58,57,46,WT,Mut,Mut,Mut,WT,WT,WT,WT,Mut,Mut,Mut,Mut,Mut,WT,WT,Mut,Mut,WT,Mut,WT,1MT000436WL1
353,63,Male,IV,6.176591376,1,1.314168378,1,ICI-chemo,yes,602,0.619,196,3.23,0.2517,21,2,6,WT,Mut,WT,Mut,Mut,WT,WT,WT,Mut,Mut,Mut,Mut,Mut,WT,Mut,Mut,Mut,Mut,WT,WT,1MT000453WL1
354,58,Male,IV,13.40451745,1,4.435318275,1,ICI-chemo,no,186,0.585,104,2.65,0.0088,NA,NA,NA,WT,Mut,WT,Mut,Mut,WT,WT,WT,Mut,Mut,Mut,Mut,Mut,WT,WT,Mut,Mut,WT,WT,WT,1MT000452WL1
355,68,Male,IV,6.50513347,1,4.1724846,1,ICI-chemo,yes,149,0.062,72,1.54,0.0044,14,26,17,WT,WT,WT,Mut,WT,WT,WT,Mut,Mut,WT,Mut,WT,Mut,WT,WT,Mut,Mut,WT,WT,WT,M03133AZW1L1
356,67,Male,IV,15.3100616,1,3.975359343,1,ICI-chemo,yes,25,0.044,5,1.75,0,3,2,1,WT,WT,WT,WT,WT,WT,WT,WT,Mut,Mut,Mut,WT,Mut,WT,WT,WT,WT,WT,WT,WT,1MT001227WL1
357,63,Male,IV,20.13963039,1,5.979466119,1,ICI-chemo,yes,538,0.604,331,3.73,0.5379,46,21,27,Mut,Mut,WT,Mut,WT,Mut,WT,WT,Mut,Mut,Mut,Mut,Mut,Mut,WT,Mut,Mut,WT,WT,WT,1MT001226WL1
358,59,Male,IV,15.04722793,1,12.28747433,1,ICI-chemo,yes,855,0.775,603,3.7,NA,85,33,53,WT,Mut,WT,Mut,Mut,Mut,WT,WT,Mut,WT,Mut,WT,Mut,Mut,WT,Mut,Mut,Mut,Mut,WT,1MT001225WL1
359,56,Female,IV,30.6201232,0,4.13963039,1,chemo,yes,651,0.757,357,3.69,0.3789,57,23,32,WT,WT,WT,WT,WT,WT,WT,WT,Mut,Mut,Mut,WT,Mut,Mut,WT,WT,Mut,WT,WT,WT,1MT000737WL1
360,64,Male,IV,29.2073922,0,20.20533881,0,ICI-chemo,no,271,0.913,109,1.64,0.0212,28,24,23,WT,WT,WT,WT,WT,WT,WT,WT,Mut,Mut,Mut,Mut,Mut,WT,WT,WT,WT,WT,WT,WT,1MT000736WL1
361,40,Male,IV,29.83162218,0,18.46406571,1,ICI-chemo,no,442,0.758,108,3.27,0.6321,49,21,29,WT,Mut,WT,Mut,WT,WT,WT,WT,Mut,Mut,Mut,WT,Mut,WT,WT,Mut,Mut,WT,WT,WT,1MT000747WL1
362,62,Male,IV,33.11704312,0,22.6036961,0,ICI-chemo,yes,262,0.905,66,2.6,0.6075,22,5,10,Mut,Mut,WT,Mut,WT,WT,Mut,WT,Mut,WT,Mut,Mut,Mut,Mut,WT,Mut,Mut,WT,WT,WT,1MT000400WL1
363,49,Male,IV,10.87474333,1,4.1724846,1,ICI-chemo,yes,354,0.675,154,2.56,0.3685,38,53,36,Mut,Mut,WT,Mut,Mut,Mut,WT,WT,Mut,WT,Mut,WT,Mut,WT,Mut,Mut,Mut,Mut,Mut,Mut,1MT001223WL1
364,60,Female,IV,23.49075975,0,20.30390144,1,ICI-chemo,no,144,0.361,37,2.08,NA,8,11,7,WT,WT,WT,Mut,WT,WT,WT,WT,Mut,Mut,WT,WT,Mut,WT,WT,Mut,Mut,WT,WT,WT,1MT001222WLU
365,63,Male,IV,23.75359343,0,8.344969199,1,ICI-chemo,yes,592,0.418,195,4.04,NA,NA,NA,NA,WT,Mut,WT,Mut,WT,WT,WT,WT,Mut,Mut,Mut,Mut,Mut,WT,WT,Mut,Mut,WT,WT,WT,1MT001221WL1
366,66,Male,IV,25.62628337,0,12.38603696,1,ICI-chemo,yes,365,0.602,273,2.61,0.3312,NA,NA,NA,WT,WT,WT,Mut,WT,WT,WT,WT,Mut,WT,WT,WT,Mut,WT,WT,Mut,Mut,WT,WT,WT,1MT001220WL1
367,59,Female,IV,24.50924025,0,18.46406571,0,ICI-chemo,no,131,0.023,25,2,2.00E-04,NA,NA,NA,WT,WT,WT,WT,WT,WT,WT,WT,WT,WT,WT,WT,WT,WT,WT,WT,WT,WT,WT,WT,1MT001517WL1
368,61,Male,IV,26.71047228,0,6.53798768,1,chemo,yes,362,0.76,107,3.12,0.6631,24,11,17,WT,Mut,WT,Mut,WT,WT,WT,WT,Mut,Mut,Mut,Mut,Mut,WT,WT,Mut,Mut,WT,WT,WT,1MT001219WL1
369,54,Male,IV,24.77207392,1,7.425051335,1,ICI-chemo,no,420,0.74,213,1.41,0.4131,70,57,44,WT,Mut,WT,Mut,WT,WT,WT,WT,Mut,Mut,Mut,Mut,Mut,WT,WT,Mut,Mut,WT,WT,WT,1MT001217WL1
370,61,Male,IV,15.93429158,1,8.706365503,1,ICI-chemo,yes,206,0.623,131,2.5,NA,NA,NA,NA,WT,Mut,WT,Mut,Mut,WT,WT,WT,Mut,Mut,WT,WT,Mut,WT,WT,Mut,Mut,Mut,WT,WT,1MT001350WL1
371,69,Male,IV,13.07597536,1,4.041067762,1,ICI-chemo,yes,515,0.93,478,3.98,0.4102,NA,NA,NA,WT,Mut,WT,Mut,Mut,WT,WT,WT,Mut,Mut,Mut,Mut,Mut,WT,WT,Mut,Mut,WT,Mut,WT,1MT000743WL1
372,51,Female,IV,30.12731006,0,28.61601643,0,ICI-chemo,yes,62,0.833,35,2.15,2.00E-04,2,5,4,WT,WT,WT,WT,WT,WT,WT,WT,Mut,Mut,Mut,WT,Mut,WT,WT,WT,WT,WT,WT,WT,1MT000758WL1
373,69,Female,IV,22.9650924,1,14.09445585,1,chemo,no,148,0.346,159,1.61,0.2396,23,25,23,WT,WT,WT,WT,WT,WT,WT,WT,Mut,Mut,Mut,WT,Mut,WT,WT,WT,WT,Mut,WT,WT,1MT000721WL1
374,61,Male,IV,14.2587269,1,5.190965092,1,chemo,yes,771,0.45,732,3.64,0.4665,116,122,100,WT,Mut,WT,Mut,Mut,Mut,WT,Mut,Mut,WT,Mut,Mut,Mut,Mut,Mut,Mut,Mut,Mut,Mut,Mut,1MT000709WL1
375,65,Male,IV,13.40451745,1,2.825462012,1,chemo,yes,917,0.577,361,2.44,NA,83,59,50,WT,Mut,WT,Mut,Mut,WT,Mut,WT,Mut,Mut,Mut,Mut,Mut,Mut,Mut,Mut,Mut,WT,WT,WT,1MT000728WLU
376,67,Male,IV,31.54004107,0,9.757700205,0,ICI-chemo,yes,934,0.497,625,4.18,0.3649,115,144,106,WT,WT,WT,WT,WT,Mut,WT,WT,Mut,Mut,Mut,Mut,Mut,Mut,WT,Mut,WT,WT,WT,WT,1MT000697WL1
377,68,Male,IV,31.67145791,0,20.20533881,0,ICI-chemo,yes,1626,0.552,348,3.13,0.482,127,51,78,WT,Mut,Mut,Mut,Mut,Mut,WT,WT,Mut,Mut,Mut,Mut,Mut,WT,Mut,Mut,Mut,Mut,Mut,WT,1MT000691WL1
378,56,Male,IV,8.804928131,1,3.909650924,1,chemo,yes,360,0.555,61,3.28,0.1935,25,8,10,WT,WT,Mut,Mut,WT,Mut,WT,WT,Mut,WT,Mut,Mut,Mut,Mut,WT,Mut,Mut,WT,Mut,WT,1MT000690WL1
379,62,Male,IV,16.98562628,1,5.190965092,1,chemo,yes,387,0.702,242,3.18,0.0088,46,48,39,WT,WT,WT,Mut,Mut,WT,WT,WT,Mut,WT,WT,WT,Mut,WT,WT,Mut,Mut,Mut,WT,WT,1MT000685WL1
380,57,Male,IV,31.80287474,0,4.106776181,1,chemo,no,259,0.308,68,1.91,2.00E-04,38,21,25,WT,WT,WT,Mut,WT,WT,WT,WT,Mut,Mut,WT,WT,Mut,WT,Mut,Mut,Mut,Mut,WT,Mut,1MT000676WLU
381,65,Male,IV,18.0698152,1,9.691991786,1,chemo,no,450,0.431,38,3.21,0.4685,36,11,19,Mut,WT,WT,Mut,Mut,WT,WT,WT,Mut,WT,WT,WT,Mut,WT,WT,Mut,Mut,WT,WT,WT,1MT000666WLU
382,29,Female,III,5.94661191,1,2.759753593,1,chemo,yes,240,0.523,58,4.72,NA,19,18,12,WT,WT,WT,Mut,WT,WT,WT,WT,Mut,Mut,WT,WT,Mut,WT,WT,Mut,Mut,WT,WT,WT,1MT000419WL1
383,61,Female,IV,29.73305955,0,7.09650924,1,chemo,no,147,0.684,61,3.81,0.1941,14,13,11,WT,WT,WT,Mut,WT,WT,WT,WT,Mut,WT,WT,WT,Mut,WT,WT,Mut,Mut,WT,WT,WT,1MT000410WL1
384,63,Male,IV,4.862422998,1,1.347022587,1,ICI-chemo,yes,481,0.606,98,2.8,0.3408,40,14,23,WT,WT,WT,Mut,WT,WT,WT,WT,Mut,WT,Mut,WT,Mut,WT,WT,Mut,Mut,WT,WT,WT,1MT000416WL1
385,69,Female,IV,21.5523614,1,6.932238193,1,ICI-chemo,yes,783,0.759,477,2.88,1.00E-04,105,129,95,WT,WT,WT,Mut,WT,Mut,WT,WT,Mut,WT,Mut,Mut,Mut,Mut,WT,Mut,Mut,WT,WT,WT,1MT000430WL1
386,63,Male,IV,29.5687885,1,16.3613963,1,ICI-chemo,yes,276,0.425,230,1.85,1.00E-04,44,55,44,WT,WT,WT,Mut,Mut,WT,WT,WT,Mut,WT,WT,WT,Mut,WT,WT,Mut,Mut,WT,WT,WT,1MT000399WL1
387,56,Male,IV,33.18275154,0,33.14989733,0,ICI-chemo,yes,191,0.58,81,3.09,3.00E-04,11,4,5,Mut,WT,WT,Mut,WT,WT,WT,WT,Mut,Mut,Mut,WT,Mut,WT,WT,Mut,Mut,WT,Mut,WT,1MT000398WL1
388,57,Male,IV,14.75154004,1,8.27926078,1,chemo,yes,1320,0.59,413,2.01,0.4109,81,130,82,WT,Mut,WT,Mut,Mut,WT,WT,WT,Mut,Mut,Mut,Mut,Mut,Mut,WT,Mut,Mut,WT,Mut,WT,1MT000388WL1
389,65,Female,IV,8.049281314,1,5.585215606,1,chemo,yes,281,0.522,93,3.03,NA,36,39,29,WT,WT,WT,WT,WT,WT,WT,WT,Mut,Mut,Mut,WT,Mut,Mut,WT,WT,WT,WT,WT,WT,M03128AZW1L1
390,64,Male,IV,34.4312115,0,19.77823409,1,chemo,no,2266,0.685,1462,2.55,0.4247,255,268,205,WT,Mut,WT,Mut,Mut,Mut,WT,WT,Mut,WT,Mut,WT,Mut,Mut,WT,Mut,Mut,WT,WT,Mut,1MT000455WL1
391,64,Female,IV,36.69815195,0,18.52977413,1,chemo,no,515,0,0,NA,NA,NA,NA,NA,WT,WT,WT,Mut,WT,Mut,WT,WT,Mut,Mut,Mut,Mut,Mut,WT,WT,Mut,Mut,WT,Mut,WT,M03149AZW1L1
392,62,Male,IV,35.21971253,1,7.195071869,1,chemo,yes,746,0.756,213,3.47,0.2642,68,62,45,WT,WT,Mut,Mut,Mut,WT,WT,Mut,Mut,WT,WT,Mut,Mut,Mut,WT,Mut,Mut,WT,Mut,WT,M03049AZW1L1
393,62,Male,IV,21.02669405,1,4.336755647,1,ICI-chemo,yes,483,0.406,96,1.87,0.6059,39,33,36,WT,WT,Mut,Mut,WT,WT,WT,WT,Mut,WT,WT,WT,Mut,Mut,WT,Mut,Mut,WT,Mut,WT,M03048AZW1L1
